{"SampleID": 7393, "PassageID": 620, "PassageEditID": 0, "original sentence": "Prior to the events of the film, replicants became illegal on Earth after a bloody off-world mutiny by a band of Nexus-6 models.", "original cue": "illegal", "pre sentence": "", "post sentence": "Two weeks before the starting point of the film, six Nexus-6 replicants escaped the off-world colonies, killing 23 people and taking a shuttle to Earth; the film focuses on the pursuit of the replicants by Rick Deckard, a category of police-officer bounty-hunter called a \"Blade Runner\", who investigates, tests, and retires replicants found on Earth.", "pre cue": "Prior to the events of the film, replicants became ", "post cue": "on Earth after a bloody off-world mutiny by a band of Nexus-6 models.", "original passage": "Prior to the events of the film, replicants became illegal on Earth after a bloody off-world mutiny by a band of Nexus-6 models. Two weeks before the starting point of the film, six Nexus-6 replicants escaped the off-world colonies, killing 23 people and taking a shuttle to Earth; the film focuses on the pursuit of the replicants by Rick Deckard, a category of police-officer bounty-hunter called a \"Blade Runner\", who investigates, tests, and retires replicants found on Earth.", "QuestionID": "q30", "Confidence": 5, "Passage is enough": "Passage is enough", "sentence1": "Prior to the events of the film, replicants became illegal on Earth after a bloody off-world mutiny by a band of Nexus-6 models. Two weeks before the starting point of the film, six Nexus-6 replicants escaped the off-world colonies, killing 23 people and taking a shuttle to Earth; the film focuses on the pursuit of the replicants by Rick Deckard, a category of police-officer bounty-hunter called a \"Blade Runner\", who investigates, tests, and retires replicants found on Earth.", "sentence2": "Were there likely regulated replicant manufacturing plants on Earth during the events of the film?", "label": "NO"}
{"SampleID": 7396, "PassageID": 620, "PassageEditID": 1, "original sentence": "Prior to the events of the film, replicants became illegal on Earth after a bloody off-world mutiny by a band of Nexus-6 models.", "original cue": "illegal", "pre sentence": "", "post sentence": "Two weeks before the starting point of the film, six Nexus-6 replicants escaped the off-world colonies, killing 23 people and taking a shuttle to Earth; the film focuses on the pursuit of the replicants by Rick Deckard, a category of police-officer bounty-hunter called a \"Blade Runner\", who investigates, tests, and retires replicants found on Earth.", "pre cue": "Prior to the events of the film, replicants became ", "post cue": "on Earth after a bloody off-world mutiny by a band of Nexus-6 models.", "original passage": "Prior to the events of the film, replicants became illegal on Earth after a bloody off-world mutiny by a band of Nexus-6 models. Two weeks before the starting point of the film, six Nexus-6 replicants escaped the off-world colonies, killing 23 people and taking a shuttle to Earth; the film focuses on the pursuit of the replicants by Rick Deckard, a category of police-officer bounty-hunter called a \"Blade Runner\", who investigates, tests, and retires replicants found on Earth.", "QuestionID": "q30", "Confidence": 5, "Passage is enough": "Passage is enough", "sentence1": "Prior to the events of the film, replicants became forbidden on Earth after a bloody off-world mutiny by a band of Nexus-6 models. Two weeks before the starting point of the film, six Nexus-6 replicants escaped the off-world colonies, killing 23 people and taking a shuttle to Earth; the film focuses on the pursuit of the replicants by Rick Deckard, a category of police-officer bounty-hunter called a \"Blade Runner\", who investigates, tests, and retires replicants found on Earth.", "sentence2": "Were there likely regulated replicant manufacturing plants on Earth during the events of the film?", "label": "NO"}
{"SampleID": 7399, "PassageID": 620, "PassageEditID": 2, "original sentence": "Prior to the events of the film, replicants became illegal on Earth after a bloody off-world mutiny by a band of Nexus-6 models.", "original cue": "illegal", "pre sentence": "", "post sentence": "Two weeks before the starting point of the film, six Nexus-6 replicants escaped the off-world colonies, killing 23 people and taking a shuttle to Earth; the film focuses on the pursuit of the replicants by Rick Deckard, a category of police-officer bounty-hunter called a \"Blade Runner\", who investigates, tests, and retires replicants found on Earth.", "pre cue": "Prior to the events of the film, replicants became ", "post cue": "on Earth after a bloody off-world mutiny by a band of Nexus-6 models.", "original passage": "Prior to the events of the film, replicants became illegal on Earth after a bloody off-world mutiny by a band of Nexus-6 models. Two weeks before the starting point of the film, six Nexus-6 replicants escaped the off-world colonies, killing 23 people and taking a shuttle to Earth; the film focuses on the pursuit of the replicants by Rick Deckard, a category of police-officer bounty-hunter called a \"Blade Runner\", who investigates, tests, and retires replicants found on Earth.", "QuestionID": "q30", "Confidence": 4, "Passage is enough": "Passage is enough", "sentence1": "Prior to the events of the illegal film, replicants became legal on Earth after a bloody off-world mutiny by a band of Nexus-6 models. Two weeks before the starting point of the film, six Nexus-6 replicants escaped the off-world colonies, killing 23 people and taking a shuttle to Earth; the film focuses on the pursuit of the replicants by Rick Deckard, a category of police-officer bounty-hunter called a \"Blade Runner\", who investigates, tests, and retires replicants found on Earth.", "sentence2": "Were there likely regulated replicant manufacturing plants on Earth during the events of the film?", "label": "YES"}
{"SampleID": 4785, "PassageID": 403, "PassageEditID": 0, "original sentence": "It is unknown whether the whales' normal range once reached further south, to the Gulf of Tonkin.", "original cue": "unknown", "pre sentence": "The historical calving grounds were unknown but might have been along southern Chinese coasts from Zhejiang and Fujian Province to Guangdong, especially south of Hailing Island and to near Hong Kong. Possibilities include Daya Bay, Wailou Harbour on Leizhou Peninsula, and possibly as far south as Hainan Province and Guangxi, particularly around Hainan Island. These areas are at the southwestern end of the known range. ", "post sentence": "In addition, the existence of historical calving ground on Taiwan and Penghu Islands (with some fossil records and captures), and any presence in other areas outside of the known ranges off Babuyan Islands in Philippines and coastal Vietnamese waters in Gulf of Tonkin are unknown. There is only one confirmed record of accidentally killing of the species in Vietnam, at Ngoc Vung Island off Ha Long Bay in 1994 and the skeleton is on exhibition at the Quang Ninh Provincial Historical Museum. Gray whales are known to occur in Taiwan Strait even in recent years.", "pre cue": "It is", "post cue": " whether the whales' normal range once reached further south, to the Gulf of Tonkin.", "original passage": "The historical calving grounds were unknown but might have been along southern Chinese coasts from Zhejiang and Fujian Province to Guangdong, especially south of Hailing Island and to near Hong Kong. Possibilities include Daya Bay, Wailou Harbour on Leizhou Peninsula, and possibly as far south as Hainan Province and Guangxi, particularly around Hainan Island. These areas are at the southwestern end of the known range. It is unknown whether the whales' normal range once reached further south, to the Gulf of Tonkin. In addition, the existence of historical calving ground on Taiwan and Penghu Islands (with some fossil records and captures), and any presence in other areas outside of the known ranges off Babuyan Islands in Philippines and coastal Vietnamese waters in Gulf of Tonkin are unknown. There is only one confirmed record of accidentally killing of the species in Vietnam, at Ngoc Vung Island off Ha Long Bay in 1994 and the skeleton is on exhibition at the Quang Ninh Provincial Historical Museum. Gray whales are known to occur in Taiwan Strait even in recent years.", "QuestionID": "q10", "Confidence": 5, "Passage is enough": "Passage is enough", "sentence1": "The historical calving grounds were unknown but might have been along southern Chinese coasts from Zhejiang and Fujian Province to Guangdong, especially south of Hailing Island and to near Hong Kong. Possibilities include Daya Bay, Wailou Harbour on Leizhou Peninsula, and possibly as far south as Hainan Province and Guangxi, particularly around Hainan Island. These areas are at the southwestern end of the known range. It is unknown whether the whales' normal range once reached further south, to the Gulf of Tonkin. In addition, the existence of historical calving ground on Taiwan and Penghu Islands (with some fossil records and captures), and any presence in other areas outside of the known ranges off Babuyan Islands in Philippines and coastal Vietnamese waters in Gulf of Tonkin are unknown. There is only one confirmed record of accidentally killing of the species in Vietnam, at Ngoc Vung Island off Ha Long Bay in 1994 and the skeleton is on exhibition at the Quang Ninh Provincial Historical Museum. Gray whales are known to occur in Taiwan Strait even in recent years.", "sentence2": "Does this passage suggest that fossils or other remains of this species of whale have been found in the Gulf of Tonkin, which allows scientists to conclude that whales once regularly swam in those waters?", "label": "NO"}
{"SampleID": 4788, "PassageID": 403, "PassageEditID": 1, "original sentence": "It is unknown whether the whales' normal range once reached further south, to the Gulf of Tonkin.", "original cue": "unknown", "pre sentence": "The historical calving grounds were unknown but might have been along southern Chinese coasts from Zhejiang and Fujian Province to Guangdong, especially south of Hailing Island and to near Hong Kong. Possibilities include Daya Bay, Wailou Harbour on Leizhou Peninsula, and possibly as far south as Hainan Province and Guangxi, particularly around Hainan Island. These areas are at the southwestern end of the known range. ", "post sentence": "In addition, the existence of historical calving ground on Taiwan and Penghu Islands (with some fossil records and captures), and any presence in other areas outside of the known ranges off Babuyan Islands in Philippines and coastal Vietnamese waters in Gulf of Tonkin are unknown. There is only one confirmed record of accidentally killing of the species in Vietnam, at Ngoc Vung Island off Ha Long Bay in 1994 and the skeleton is on exhibition at the Quang Ninh Provincial Historical Museum. Gray whales are known to occur in Taiwan Strait even in recent years.", "pre cue": "It is", "post cue": " whether the whales' normal range once reached further south, to the Gulf of Tonkin.", "original passage": "The historical calving grounds were unknown but might have been along southern Chinese coasts from Zhejiang and Fujian Province to Guangdong, especially south of Hailing Island and to near Hong Kong. Possibilities include Daya Bay, Wailou Harbour on Leizhou Peninsula, and possibly as far south as Hainan Province and Guangxi, particularly around Hainan Island. These areas are at the southwestern end of the known range. It is unknown whether the whales' normal range once reached further south, to the Gulf of Tonkin. In addition, the existence of historical calving ground on Taiwan and Penghu Islands (with some fossil records and captures), and any presence in other areas outside of the known ranges off Babuyan Islands in Philippines and coastal Vietnamese waters in Gulf of Tonkin are unknown. There is only one confirmed record of accidentally killing of the species in Vietnam, at Ngoc Vung Island off Ha Long Bay in 1994 and the skeleton is on exhibition at the Quang Ninh Provincial Historical Museum. Gray whales are known to occur in Taiwan Strait even in recent years.", "QuestionID": "q10", "Confidence": 5, "Passage is enough": "Passage is enough", "sentence1": "The historical calving grounds were unknown but might have been along southern Chinese coasts from Zhejiang and Fujian Province to Guangdong, especially south of Hailing Island and to near Hong Kong. Possibilities include Daya Bay, Wailou Harbour on Leizhou Peninsula, and possibly as far south as Hainan Province and Guangxi, particularly around Hainan Island. These areas are at the southwestern end of the known range. Scientists have no way of knowing if the southward extent of the whales' typical range extended into the Gulf of Tonkin. In addition, the existence of historical calving ground on Taiwan and Penghu Islands (with some fossil records and captures), and any presence in other areas outside of the known ranges off Babuyan Islands in Philippines and coastal Vietnamese waters in Gulf of Tonkin are unknown. There is only one confirmed record of accidentally killing of the species in Vietnam, at Ngoc Vung Island off Ha Long Bay in 1994 and the skeleton is on exhibition at the Quang Ninh Provincial Historical Museum. Gray whales are known to occur in Taiwan Strait even in recent years.", "sentence2": "Does this passage suggest that fossils or other remains of this species of whale have been found in the Gulf of Tonkin, which allows scientists to conclude that whales once regularly swam in those waters?", "label": "NO"}
{"SampleID": 4791, "PassageID": 403, "PassageEditID": 2, "original sentence": "It is unknown whether the whales' normal range once reached further south, to the Gulf of Tonkin.", "original cue": "unknown", "pre sentence": "The historical calving grounds were unknown but might have been along southern Chinese coasts from Zhejiang and Fujian Province to Guangdong, especially south of Hailing Island and to near Hong Kong. Possibilities include Daya Bay, Wailou Harbour on Leizhou Peninsula, and possibly as far south as Hainan Province and Guangxi, particularly around Hainan Island. These areas are at the southwestern end of the known range. ", "post sentence": "In addition, the existence of historical calving ground on Taiwan and Penghu Islands (with some fossil records and captures), and any presence in other areas outside of the known ranges off Babuyan Islands in Philippines and coastal Vietnamese waters in Gulf of Tonkin are unknown. There is only one confirmed record of accidentally killing of the species in Vietnam, at Ngoc Vung Island off Ha Long Bay in 1994 and the skeleton is on exhibition at the Quang Ninh Provincial Historical Museum. Gray whales are known to occur in Taiwan Strait even in recent years.", "pre cue": "It is", "post cue": " whether the whales' normal range once reached further south, to the Gulf of Tonkin.", "original passage": "The historical calving grounds were unknown but might have been along southern Chinese coasts from Zhejiang and Fujian Province to Guangdong, especially south of Hailing Island and to near Hong Kong. Possibilities include Daya Bay, Wailou Harbour on Leizhou Peninsula, and possibly as far south as Hainan Province and Guangxi, particularly around Hainan Island. These areas are at the southwestern end of the known range. It is unknown whether the whales' normal range once reached further south, to the Gulf of Tonkin. In addition, the existence of historical calving ground on Taiwan and Penghu Islands (with some fossil records and captures), and any presence in other areas outside of the known ranges off Babuyan Islands in Philippines and coastal Vietnamese waters in Gulf of Tonkin are unknown. There is only one confirmed record of accidentally killing of the species in Vietnam, at Ngoc Vung Island off Ha Long Bay in 1994 and the skeleton is on exhibition at the Quang Ninh Provincial Historical Museum. Gray whales are known to occur in Taiwan Strait even in recent years.", "QuestionID": "q10", "Confidence": 5, "Passage is enough": "Passage is enough", "sentence1": "The historical calving grounds were unknown but might have been along southern Chinese coasts from Zhejiang and Fujian Province to Guangdong, especially south of Hailing Island and to near Hong Kong. Possibilities include Daya Bay, Wailou Harbour on Leizhou Peninsula, and possibly as far south as Hainan Province and Guangxi, particularly around Hainan Island. These areas are at the southwestern end of the known range. While the full extent of the whales' normal range in earlier times are unknown, there is evidence of the mammals regularly inhabiting the Gulf of Tonkin. In addition, the existence of historical calving ground on Taiwan and Penghu Islands (with some fossil records and captures), and any presence in other areas outside of the known ranges off Babuyan Islands in Philippines and coastal Vietnamese waters beyond the Gulf of Tonkin are unknown. There is only one confirmed record of accidentally killing of the species in Vietnam, at Ngoc Vung Island off Ha Long Bay in 1994 and the skeleton is on exhibition at the Quang Ninh Provincial Historical Museum. Gray whales are known to occur in Taiwan Strait even in recent years.", "sentence2": "Does this passage suggest that fossils or other remains of this species of whale have been found in the Gulf of Tonkin, which allows scientists to conclude that whales once regularly swam in those waters?", "label": "YES"}
{"SampleID": 3660, "PassageID": 308, "PassageEditID": 0, "original sentence": "In the anime \"PriPara\", one of the main characters, Sion Tōdō, is a world renowned Go player, but decides to retire as nobody has been able to beat her, becoming an idol instead.", "original cue": "nobody", "pre sentence": "The manga (Japanese comic book) and anime series \"Hikaru no Go\", released in Japan in 1998, had a large impact in popularizing Go among young players, both in Japan and—as translations were released—abroad. \"Go Player\" is a similar animated series about young Go players that aired in China.", "post sentence": " Despite this, Go still features heavily in her character's personality.", "pre cue": "In the anime \"PriPara\", one of the main characters, Sion Tōdō, is a world renowned Go player, but decides to retire as ", "post cue": " has been able to beat her, becoming an idol instead.", "original passage": "The manga (Japanese comic book) and anime series \"Hikaru no Go\", released in Japan in 1998, had a large impact in popularizing Go among young players, both in Japan and—as translations were released—abroad. \"Go Player\" is a similar animated series about young Go players that aired in China. In the anime \"PriPara\", one of the main characters, Sion Tōdō, is a world renowned Go player, but decides to retire as nobody has been able to beat her, becoming an idol instead. Despite this, Go still features heavily in her character's personality.", "QuestionID": "q30", "Confidence": 5, "Passage is enough": "Passage is enough", "sentence1": "The manga (Japanese comic book) and anime series \"Hikaru no Go\", released in Japan in 1998, had a large impact in popularizing Go among young players, both in Japan and—as translations were released—abroad. \"Go Player\" is a similar animated series about young Go players that aired in China. In the anime \"PriPara\", one of the main characters, Sion Tōdō, is a world renowned Go player, but decides to retire as nobody has been able to beat her, becoming an idol instead. Despite this, Go still features heavily in her character's personality.", "sentence2": "Did Sion Tōdō retire while undefeated?", "label": "YES"}
{"SampleID": 3663, "PassageID": 308, "PassageEditID": 1, "original sentence": "In the anime \"PriPara\", one of the main characters, Sion Tōdō, is a world renowned Go player, but decides to retire as nobody has been able to beat her, becoming an idol instead.", "original cue": "nobody", "pre sentence": "The manga (Japanese comic book) and anime series \"Hikaru no Go\", released in Japan in 1998, had a large impact in popularizing Go among young players, both in Japan and—as translations were released—abroad. \"Go Player\" is a similar animated series about young Go players that aired in China.", "post sentence": " Despite this, Go still features heavily in her character's personality.", "pre cue": "In the anime \"PriPara\", one of the main characters, Sion Tōdō, is a world renowned Go player, but decides to retire as ", "post cue": " has been able to beat her, becoming an idol instead.", "original passage": "The manga (Japanese comic book) and anime series \"Hikaru no Go\", released in Japan in 1998, had a large impact in popularizing Go among young players, both in Japan and—as translations were released—abroad. \"Go Player\" is a similar animated series about young Go players that aired in China. In the anime \"PriPara\", one of the main characters, Sion Tōdō, is a world renowned Go player, but decides to retire as nobody has been able to beat her, becoming an idol instead. Despite this, Go still features heavily in her character's personality.", "QuestionID": "q30", "Confidence": 5, "Passage is enough": "Passage is enough", "sentence1": "The manga (Japanese comic book) and anime series \"Hikaru no Go\", released in Japan in 1998, had a large impact in popularizing Go among young players, both in Japan and—as translations were released—abroad. \"Go Player\" is a similar animated series about young Go players that aired in China. In the anime \"PriPara\", one of the main characters, Sion Tōdō, is a world renowned Go player, but decides to retire because she always wins, becoming an idol instead. Despite this, Go still features heavily in her character's personality.", "sentence2": "Did Sion Tōdō retire while undefeated?", "label": "YES"}
{"SampleID": 3666, "PassageID": 308, "PassageEditID": 2, "original sentence": "In the anime \"PriPara\", one of the main characters, Sion Tōdō, is a world renowned Go player, but decides to retire as nobody has been able to beat her, becoming an idol instead.", "original cue": "nobody", "pre sentence": "The manga (Japanese comic book) and anime series \"Hikaru no Go\", released in Japan in 1998, had a large impact in popularizing Go among young players, both in Japan and—as translations were released—abroad. \"Go Player\" is a similar animated series about young Go players that aired in China.", "post sentence": " Despite this, Go still features heavily in her character's personality.", "pre cue": "In the anime \"PriPara\", one of the main characters, Sion Tōdō, is a world renowned Go player, but decides to retire as ", "post cue": " has been able to beat her, becoming an idol instead.", "original passage": "The manga (Japanese comic book) and anime series \"Hikaru no Go\", released in Japan in 1998, had a large impact in popularizing Go among young players, both in Japan and—as translations were released—abroad. \"Go Player\" is a similar animated series about young Go players that aired in China. In the anime \"PriPara\", one of the main characters, Sion Tōdō, is a world renowned Go player, but decides to retire as nobody has been able to beat her, becoming an idol instead. Despite this, Go still features heavily in her character's personality.", "QuestionID": "q30", "Confidence": 5, "Passage is enough": "Passage is enough", "sentence1": "The manga (Japanese comic book) and anime series \"Hikaru no Go\", released in Japan in 1998, had a large impact in popularizing Go among young players, both in Japan and—as translations were released—abroad. \"Go Player\" is a similar animated series about young Go players that aired in China. In the anime \"PriPara\", one of the main characters, Sion Tōdō, is a world renowned Go player, but decides to retire as nobody has lost to her in years, becoming an idol instead. Despite this, Go still features heavily in her character's personality.", "sentence2": "Did Sion Tōdō retire while undefeated?", "label": "NO"}
