{"SampleID": 3083, "PassageID": 260, "PassageEditID": 0, "original sentence": "The Lebanese government, in contravention of the UN Security Council resolution, did not assert sovereignty in the area, which came under Hezbollah control.", "original cue": "not", "pre sentence": "On 25 May 2000, Israel unilaterally withdrew its remaining forces from the \"security zone\" in southern Lebanon. Several thousand members of the South Lebanon Army (and their families) left with the Israelis. The UN Secretary-General concluded that, as of 16 June 2000, Israel had withdrawn its forces from Lebanon in accordance with UN Security Council Resolution 425. Lebanon claims that Israel continues to occupy Lebanese territory called \"Sheba'a Farms\" (however this area was governed by Syria until 1967 when Israel took control). The Sheba'a Farms provided Hezbollah with a pretext to maintain warfare with Israel.", "post sentence": "In the Fall of 2000, talks were held at Camp David to reach a final agreement on the Israel/Palestine conflict. Ehud Barak offered to meet most of the Palestinian teams requests for territory and political concessions, including Arab parts of east Jerusalem; however, Arafat abandoned the talks without making a counterproposal.", "pre cue": "The Lebanese government, in contravention of the UN Security Council resolution, did ", "post cue": " assert sovereignty in the area, which came under Hezbollah control.", "original passage": "On 25 May 2000, Israel unilaterally withdrew its remaining forces from the \"security zone\" in southern Lebanon. Several thousand members of the South Lebanon Army (and their families) left with the Israelis. The UN Secretary-General concluded that, as of 16 June 2000, Israel had withdrawn its forces from Lebanon in accordance with UN Security Council Resolution 425. Lebanon claims that Israel continues to occupy Lebanese territory called \"Sheba'a Farms\" (however this area was governed by Syria until 1967 when Israel took control). The Sheba'a Farms provided Hezbollah with a pretext to maintain warfare with Israel. The Lebanese government, in contravention of the UN Security Council resolution, did not assert sovereignty in the area, which came under Hezbollah control. In the Fall of 2000, talks were held at Camp David to reach a final agreement on the Israel/Palestine conflict. Ehud Barak offered to meet most of the Palestinian teams requests for territory and political concessions, including Arab parts of east Jerusalem; however, Arafat abandoned the talks without making a counterproposal.", "QuestionID": "q20", "Confidence": 5, "Passage is enough": "Passage is enough", "sentence1": "On 25 May 2000, Israel unilaterally withdrew its remaining forces from the \"security zone\" in southern Lebanon. Several thousand members of the South Lebanon Army (and their families) left with the Israelis. The UN Secretary-General concluded that, as of 16 June 2000, Israel had withdrawn its forces from Lebanon in accordance with UN Security Council Resolution 425. Lebanon claims that Israel continues to occupy Lebanese territory called \"Sheba'a Farms\" (however this area was governed by Syria until 1967 when Israel took control). The Sheba'a Farms provided Hezbollah with a pretext to maintain warfare with Israel. The Lebanese government, in contravention of the UN Security Council resolution, did not assert sovereignty in the area, which came under Hezbollah control. In the Fall of 2000, talks were held at Camp David to reach a final agreement on the Israel/Palestine conflict. Ehud Barak offered to meet most of the Palestinian teams requests for territory and political concessions, including Arab parts of east Jerusalem; however, Arafat abandoned the talks without making a counterproposal.", "sentence2": "Does it seem like the UN's goals with this resolution focused on the defeat of Hezbollah, and that Lebanon's contravention was a sin of omission rather than an outright act of commission?", "label": "YES"}
{"SampleID": 3086, "PassageID": 260, "PassageEditID": 1, "original sentence": "The Lebanese government, in contravention of the UN Security Council resolution, did not assert sovereignty in the area, which came under Hezbollah control.", "original cue": "not", "pre sentence": "On 25 May 2000, Israel unilaterally withdrew its remaining forces from the \"security zone\" in southern Lebanon. Several thousand members of the South Lebanon Army (and their families) left with the Israelis. The UN Secretary-General concluded that, as of 16 June 2000, Israel had withdrawn its forces from Lebanon in accordance with UN Security Council Resolution 425. Lebanon claims that Israel continues to occupy Lebanese territory called \"Sheba'a Farms\" (however this area was governed by Syria until 1967 when Israel took control). The Sheba'a Farms provided Hezbollah with a pretext to maintain warfare with Israel.", "post sentence": "In the Fall of 2000, talks were held at Camp David to reach a final agreement on the Israel/Palestine conflict. Ehud Barak offered to meet most of the Palestinian teams requests for territory and political concessions, including Arab parts of east Jerusalem; however, Arafat abandoned the talks without making a counterproposal.", "pre cue": "The Lebanese government, in contravention of the UN Security Council resolution, did ", "post cue": " assert sovereignty in the area, which came under Hezbollah control.", "original passage": "On 25 May 2000, Israel unilaterally withdrew its remaining forces from the \"security zone\" in southern Lebanon. Several thousand members of the South Lebanon Army (and their families) left with the Israelis. The UN Secretary-General concluded that, as of 16 June 2000, Israel had withdrawn its forces from Lebanon in accordance with UN Security Council Resolution 425. Lebanon claims that Israel continues to occupy Lebanese territory called \"Sheba'a Farms\" (however this area was governed by Syria until 1967 when Israel took control). The Sheba'a Farms provided Hezbollah with a pretext to maintain warfare with Israel. The Lebanese government, in contravention of the UN Security Council resolution, did not assert sovereignty in the area, which came under Hezbollah control. In the Fall of 2000, talks were held at Camp David to reach a final agreement on the Israel/Palestine conflict. Ehud Barak offered to meet most of the Palestinian teams requests for territory and political concessions, including Arab parts of east Jerusalem; however, Arafat abandoned the talks without making a counterproposal.", "QuestionID": "q20", "Confidence": 5, "Passage is enough": "Passage is enough", "sentence1": "On 25 May 2000, Israel unilaterally withdrew its remaining forces from the \"security zone\" in southern Lebanon. Several thousand members of the South Lebanon Army (and their families) left with the Israelis. The UN Secretary-General concluded that, as of 16 June 2000, Israel had withdrawn its forces from Lebanon in accordance with UN Security Council Resolution 425. Lebanon claims that Israel continues to occupy Lebanese territory called \"Sheba'a Farms\" (however this area was governed by Syria until 1967 when Israel took control). The Sheba'a Farms provided Hezbollah with a pretext to maintain warfare with Israel. Despite the UN Security Council resolution, Lebanon's government made no claims to sovereignty over the area, which was being controlled by Hezbollah. In the Fall of 2000, talks were held at Camp David to reach a final agreement on the Israel/Palestine conflict. Ehud Barak offered to meet most of the Palestinian teams requests for territory and political concessions, including Arab parts of east Jerusalem; however, Arafat abandoned the talks without making a counterproposal.", "sentence2": "Does it seem like the UN's goals with this resolution focused on the defeat of Hezbollah, and that Lebanon's contravention was a sin of omission rather than an outright act of commission?", "label": "YES"}
{"SampleID": 3089, "PassageID": 260, "PassageEditID": 2, "original sentence": "The Lebanese government, in contravention of the UN Security Council resolution, did not assert sovereignty in the area, which came under Hezbollah control.", "original cue": "not", "pre sentence": "On 25 May 2000, Israel unilaterally withdrew its remaining forces from the \"security zone\" in southern Lebanon. Several thousand members of the South Lebanon Army (and their families) left with the Israelis. The UN Secretary-General concluded that, as of 16 June 2000, Israel had withdrawn its forces from Lebanon in accordance with UN Security Council Resolution 425. Lebanon claims that Israel continues to occupy Lebanese territory called \"Sheba'a Farms\" (however this area was governed by Syria until 1967 when Israel took control). The Sheba'a Farms provided Hezbollah with a pretext to maintain warfare with Israel.", "post sentence": "In the Fall of 2000, talks were held at Camp David to reach a final agreement on the Israel/Palestine conflict. Ehud Barak offered to meet most of the Palestinian teams requests for territory and political concessions, including Arab parts of east Jerusalem; however, Arafat abandoned the talks without making a counterproposal.", "pre cue": "The Lebanese government, in contravention of the UN Security Council resolution, did ", "post cue": " assert sovereignty in the area, which came under Hezbollah control.", "original passage": "On 25 May 2000, Israel unilaterally withdrew its remaining forces from the \"security zone\" in southern Lebanon. Several thousand members of the South Lebanon Army (and their families) left with the Israelis. The UN Secretary-General concluded that, as of 16 June 2000, Israel had withdrawn its forces from Lebanon in accordance with UN Security Council Resolution 425. Lebanon claims that Israel continues to occupy Lebanese territory called \"Sheba'a Farms\" (however this area was governed by Syria until 1967 when Israel took control). The Sheba'a Farms provided Hezbollah with a pretext to maintain warfare with Israel. The Lebanese government, in contravention of the UN Security Council resolution, did not assert sovereignty in the area, which came under Hezbollah control. In the Fall of 2000, talks were held at Camp David to reach a final agreement on the Israel/Palestine conflict. Ehud Barak offered to meet most of the Palestinian teams requests for territory and political concessions, including Arab parts of east Jerusalem; however, Arafat abandoned the talks without making a counterproposal.", "QuestionID": "q20", "Confidence": 5, "Passage is enough": "Passage is enough", "sentence1": "On 25 May 2000, Israel unilaterally withdrew its remaining forces from the \"security zone\" in southern Lebanon. Several thousand members of the South Lebanon Army (and their families) left with the Israelis. The UN Secretary-General concluded that, as of 16 June 2000, Israel had withdrawn its forces from Lebanon in accordance with UN Security Council Resolution 425. Lebanon claims that Israel continues to occupy Lebanese territory called \"Sheba'a Farms\" (however this area was governed by Syria until 1967 when Israel took control). The Sheba'a Farms provided Hezbollah with a pretext to maintain warfare with Israel. The Lebanese government, in contravention of the UN Security Council resolution, asserted sovereignty in the area after defeating Hezbollah, including the parts which had not come under Hezbollah control. In the Fall of 2000, talks were held at Camp David to reach a final agreement on the Israel/Palestine conflict. Ehud Barak offered to meet most of the Palestinian teams requests for territory and political concessions, including Arab parts of east Jerusalem; however, Arafat abandoned the talks without making a counterproposal.", "sentence2": "Does it seem like the UN's goals with this resolution focused on the defeat of Hezbollah, and that Lebanon's contravention was a sin of omission rather than an outright act of commission?", "label": "NO"}
{"SampleID": 3336, "PassageID": 281, "PassageEditID": 0, "original sentence": "The Umayyad Caliphate under Abd al-Malik ibn Marwan in 686 sent a force led by Zuhayr ibn Qays, who won a battle over the Romans and Berbers led by King Kusaila of the Kingdom of Altava on the plain of Kairouan, but he could not follow that up.", "original cue": "could not", "pre sentence": "The Roman Exarchate of Africa was not able to withstand the seventh-century Muslim conquest of the Maghreb.", "post sentence": "In 695, Hassan ibn al-Nu'man captured Carthage and advanced into the Atlas Mountains. An imperial fleet arrived and retook Carthage, but in 698, Hasan ibn al-Nu'man returned and defeated Emperor Tiberios III at the 698 Battle of Carthage. Roman imperial forces withdrew from all of Africa except Ceuta. Fearing that the Byzantine Empire might reconquer it, they decided to destroy Roman Carthage in a scorched earth policy and establish their headquarters somewhere else. Its walls were torn down, the water supply from its aqueducts cut off, the agricultural land was ravaged and its harbors made unusable.", "pre cue": "The Umayyad Caliphate under Abd al-Malik ibn Marwan in 686 sent a force led by Zuhayr ibn Qays, who won a battle over the Romans and Berbers led by King Kusaila of the Kingdom of Altava on the plain of Kairouan, but he", "post cue": "follow that up.", "original passage": "The Roman Exarchate of Africa was not able to withstand the seventh-century Muslim conquest of the Maghreb. The Umayyad Caliphate under Abd al-Malik ibn Marwan in 686 sent a force led by Zuhayr ibn Qays, who won a battle over the Romans and Berbers led by King Kusaila of the Kingdom of Altava on the plain of Kairouan, but he could not follow that up. In 695, Hassan ibn al-Nu'man captured Carthage and advanced into the Atlas Mountains. An imperial fleet arrived and retook Carthage, but in 698, Hasan ibn al-Nu'man returned and defeated Emperor Tiberios III at the 698 Battle of Carthage. Roman imperial forces withdrew from all of Africa except Ceuta. Fearing that the Byzantine Empire might reconquer it, they decided to destroy Roman Carthage in a scorched earth policy and establish their headquarters somewhere else. Its walls were torn down, the water supply from its aqueducts cut off, the agricultural land was ravaged and its harbors made unusable.", "QuestionID": "q30", "Confidence": 4, "Passage is enough": "Passage is enough", "sentence1": "The Roman Exarchate of Africa was not able to withstand the seventh-century Muslim conquest of the Maghreb. The Umayyad Caliphate under Abd al-Malik ibn Marwan in 686 sent a force led by Zuhayr ibn Qays, who won a battle over the Romans and Berbers led by King Kusaila of the Kingdom of Altava on the plain of Kairouan, but he could not follow that up. In 695, Hassan ibn al-Nu'man captured Carthage and advanced into the Atlas Mountains. An imperial fleet arrived and retook Carthage, but in 698, Hasan ibn al-Nu'man returned and defeated Emperor Tiberios III at the 698 Battle of Carthage. Roman imperial forces withdrew from all of Africa except Ceuta. Fearing that the Byzantine Empire might reconquer it, they decided to destroy Roman Carthage in a scorched earth policy and establish their headquarters somewhere else. Its walls were torn down, the water supply from its aqueducts cut off, the agricultural land was ravaged and its harbors made unusable.", "sentence2": "Was the Umayyad Caliphate's victory in Kairouan the last successful one in the war campaign?", "label": "YES"}
{"SampleID": 3339, "PassageID": 281, "PassageEditID": 1, "original sentence": "The Umayyad Caliphate under Abd al-Malik ibn Marwan in 686 sent a force led by Zuhayr ibn Qays, who won a battle over the Romans and Berbers led by King Kusaila of the Kingdom of Altava on the plain of Kairouan, but he could not follow that up.", "original cue": "could not", "pre sentence": "The Roman Exarchate of Africa was not able to withstand the seventh-century Muslim conquest of the Maghreb.", "post sentence": "In 695, Hassan ibn al-Nu'man captured Carthage and advanced into the Atlas Mountains. An imperial fleet arrived and retook Carthage, but in 698, Hasan ibn al-Nu'man returned and defeated Emperor Tiberios III at the 698 Battle of Carthage. Roman imperial forces withdrew from all of Africa except Ceuta. Fearing that the Byzantine Empire might reconquer it, they decided to destroy Roman Carthage in a scorched earth policy and establish their headquarters somewhere else. Its walls were torn down, the water supply from its aqueducts cut off, the agricultural land was ravaged and its harbors made unusable.", "pre cue": "The Umayyad Caliphate under Abd al-Malik ibn Marwan in 686 sent a force led by Zuhayr ibn Qays, who won a battle over the Romans and Berbers led by King Kusaila of the Kingdom of Altava on the plain of Kairouan, but he", "post cue": "follow that up.", "original passage": "The Roman Exarchate of Africa was not able to withstand the seventh-century Muslim conquest of the Maghreb. The Umayyad Caliphate under Abd al-Malik ibn Marwan in 686 sent a force led by Zuhayr ibn Qays, who won a battle over the Romans and Berbers led by King Kusaila of the Kingdom of Altava on the plain of Kairouan, but he could not follow that up. In 695, Hassan ibn al-Nu'man captured Carthage and advanced into the Atlas Mountains. An imperial fleet arrived and retook Carthage, but in 698, Hasan ibn al-Nu'man returned and defeated Emperor Tiberios III at the 698 Battle of Carthage. Roman imperial forces withdrew from all of Africa except Ceuta. Fearing that the Byzantine Empire might reconquer it, they decided to destroy Roman Carthage in a scorched earth policy and establish their headquarters somewhere else. Its walls were torn down, the water supply from its aqueducts cut off, the agricultural land was ravaged and its harbors made unusable.", "QuestionID": "q30", "Confidence": 5, "Passage is enough": "Passage is enough", "sentence1": "The Roman Exarchate of Africa was not able to withstand the seventh-century Muslim conquest of the Maghreb. The Umayyad Caliphate under Abd al-Malik ibn Marwan in 686 sent a force led by Zuhayr ibn Qays, who won a battle over the Romans and Berbers led by King Kusaila of the Kingdom of Altava on the plain of Kairouan, but his victories stopped there. In 695, Hassan ibn al-Nu'man captured Carthage and advanced into the Atlas Mountains. An imperial fleet arrived and retook Carthage, but in 698, Hasan ibn al-Nu'man returned and defeated Emperor Tiberios III at the 698 Battle of Carthage. Roman imperial forces withdrew from all of Africa except Ceuta. Fearing that the Byzantine Empire might reconquer it, they decided to destroy Roman Carthage in a scorched earth policy and establish their headquarters somewhere else. Its walls were torn down, the water supply from its aqueducts cut off, the agricultural land was ravaged and its harbors made unusable.", "sentence2": "Was the Umayyad Caliphate's victory in Kairouan the last successful one in the war campaign?", "label": "YES"}
{"SampleID": 3342, "PassageID": 281, "PassageEditID": 2, "original sentence": "The Umayyad Caliphate under Abd al-Malik ibn Marwan in 686 sent a force led by Zuhayr ibn Qays, who won a battle over the Romans and Berbers led by King Kusaila of the Kingdom of Altava on the plain of Kairouan, but he could not follow that up.", "original cue": "could not", "pre sentence": "The Roman Exarchate of Africa was not able to withstand the seventh-century Muslim conquest of the Maghreb.", "post sentence": "In 695, Hassan ibn al-Nu'man captured Carthage and advanced into the Atlas Mountains. An imperial fleet arrived and retook Carthage, but in 698, Hasan ibn al-Nu'man returned and defeated Emperor Tiberios III at the 698 Battle of Carthage. Roman imperial forces withdrew from all of Africa except Ceuta. Fearing that the Byzantine Empire might reconquer it, they decided to destroy Roman Carthage in a scorched earth policy and establish their headquarters somewhere else. Its walls were torn down, the water supply from its aqueducts cut off, the agricultural land was ravaged and its harbors made unusable.", "pre cue": "The Umayyad Caliphate under Abd al-Malik ibn Marwan in 686 sent a force led by Zuhayr ibn Qays, who won a battle over the Romans and Berbers led by King Kusaila of the Kingdom of Altava on the plain of Kairouan, but he", "post cue": "follow that up.", "original passage": "The Roman Exarchate of Africa was not able to withstand the seventh-century Muslim conquest of the Maghreb. The Umayyad Caliphate under Abd al-Malik ibn Marwan in 686 sent a force led by Zuhayr ibn Qays, who won a battle over the Romans and Berbers led by King Kusaila of the Kingdom of Altava on the plain of Kairouan, but he could not follow that up. In 695, Hassan ibn al-Nu'man captured Carthage and advanced into the Atlas Mountains. An imperial fleet arrived and retook Carthage, but in 698, Hasan ibn al-Nu'man returned and defeated Emperor Tiberios III at the 698 Battle of Carthage. Roman imperial forces withdrew from all of Africa except Ceuta. Fearing that the Byzantine Empire might reconquer it, they decided to destroy Roman Carthage in a scorched earth policy and establish their headquarters somewhere else. Its walls were torn down, the water supply from its aqueducts cut off, the agricultural land was ravaged and its harbors made unusable.", "QuestionID": "q30", "Confidence": 4, "Passage is enough": "Passage is enough", "sentence1": "The Roman Exarchate of Africa was not able to withstand the seventh-century Muslim conquest of the Maghreb. The Umayyad Caliphate under Abd al-Malik ibn Marwan in 686 sent a force led by Zuhayr ibn Qays, who won a battle over the Romans and Berbers led by King Kusaila of the Kingdom of Altava on the plain of Kairouan, but he could not follow through the battle alive. In 695, Hassan ibn al-Nu'man captured Carthage and advanced into the Atlas Mountains. An imperial fleet arrived and retook Carthage, but in 698, Hasan ibn al-Nu'man returned and defeated Emperor Tiberios III at the 698 Battle of Carthage. Roman imperial forces withdrew from all of Africa except Ceuta. Fearing that the Byzantine Empire might reconquer it, they decided to destroy Roman Carthage in a scorched earth policy and establish their headquarters somewhere else. Its walls were torn down, the water supply from its aqueducts cut off, the agricultural land was ravaged and its harbors made unusable.", "sentence2": "Was the Umayyad Caliphate's victory in Kairouan the last successful one in the war campaign?", "label": "DON'T KNOW"}
{"SampleID": 5105, "PassageID": 428, "PassageEditID": 0, "original sentence": "It also carried out some attacks in the Republic, killing about 120 people in total, mostly uninvolved civilians.", "original cue": "uninvolved", "pre sentence": "During the 1970s, the Glenanne gang—a secret alliance of loyalist militants, British soldiers and RUC officers—carried out a string of gun and bomb attacks against nationalists in an area of Northern Ireland known as the \"murder triangle\".", "post sentence": "The \"Cassel Report\" investigated 76 murders attributed to the group and found evidence that soldiers and policemen were involved in 74 of those. One member, RUC officer John Weir, claimed his superiors knew of the collusion but allowed it to continue. The \"Cassel Report\" also said some senior officers knew of the crimes but did nothing to prevent, investigate or punish. Attacks attributed to the group include the Dublin and Monaghan bombings (1974), the Miami Showband killings (1975) and the Reavey and O'Dowd killings (1976).", "pre cue": "It also carried out some attacks in the Republic, killing about 120 people in total, mostly", "post cue": "civilians.", "original passage": "During the 1970s, the Glenanne gang—a secret alliance of loyalist militants, British soldiers and RUC officers—carried out a string of gun and bomb attacks against nationalists in an area of Northern Ireland known as the \"murder triangle\". It also carried out some attacks in the Republic, killing about 120 people in total, mostly uninvolved civilians. The \"Cassel Report\" investigated 76 murders attributed to the group and found evidence that soldiers and policemen were involved in 74 of those. One member, RUC officer John Weir, claimed his superiors knew of the collusion but allowed it to continue. The \"Cassel Report\" also said some senior officers knew of the crimes but did nothing to prevent, investigate or punish. Attacks attributed to the group include the Dublin and Monaghan bombings (1974), the Miami Showband killings (1975) and the Reavey and O'Dowd killings (1976).", "QuestionID": "q20", "Confidence": 5, "Passage is enough": "Passage is enough", "sentence1": "During the 1970s, the Glenanne gang—a secret alliance of loyalist militants, British soldiers and RUC officers—carried out a string of gun and bomb attacks against nationalists in an area of Northern Ireland known as the \"murder triangle\". It also carried out some attacks in the Republic, killing about 120 people in total, mostly uninvolved civilians. The \"Cassel Report\" investigated 76 murders attributed to the group and found evidence that soldiers and policemen were involved in 74 of those. One member, RUC officer John Weir, claimed his superiors knew of the collusion but allowed it to continue. The \"Cassel Report\" also said some senior officers knew of the crimes but did nothing to prevent, investigate or punish. Attacks attributed to the group include the Dublin and Monaghan bombings (1974), the Miami Showband killings (1975) and the Reavey and O'Dowd killings (1976).", "sentence2": "Even if a Glenanne gang member thought that the targeting of these people was inappropriate, would he agree that the deaths of the victims was harmful to the nationalists' cause?", "label": "NO"}
{"SampleID": 5108, "PassageID": 428, "PassageEditID": 1, "original sentence": "It also carried out some attacks in the Republic, killing about 120 people in total, mostly uninvolved civilians.", "original cue": "uninvolved", "pre sentence": "During the 1970s, the Glenanne gang—a secret alliance of loyalist militants, British soldiers and RUC officers—carried out a string of gun and bomb attacks against nationalists in an area of Northern Ireland known as the \"murder triangle\".", "post sentence": "The \"Cassel Report\" investigated 76 murders attributed to the group and found evidence that soldiers and policemen were involved in 74 of those. One member, RUC officer John Weir, claimed his superiors knew of the collusion but allowed it to continue. The \"Cassel Report\" also said some senior officers knew of the crimes but did nothing to prevent, investigate or punish. Attacks attributed to the group include the Dublin and Monaghan bombings (1974), the Miami Showband killings (1975) and the Reavey and O'Dowd killings (1976).", "pre cue": "It also carried out some attacks in the Republic, killing about 120 people in total, mostly", "post cue": "civilians.", "original passage": "During the 1970s, the Glenanne gang—a secret alliance of loyalist militants, British soldiers and RUC officers—carried out a string of gun and bomb attacks against nationalists in an area of Northern Ireland known as the \"murder triangle\". It also carried out some attacks in the Republic, killing about 120 people in total, mostly uninvolved civilians. The \"Cassel Report\" investigated 76 murders attributed to the group and found evidence that soldiers and policemen were involved in 74 of those. One member, RUC officer John Weir, claimed his superiors knew of the collusion but allowed it to continue. The \"Cassel Report\" also said some senior officers knew of the crimes but did nothing to prevent, investigate or punish. Attacks attributed to the group include the Dublin and Monaghan bombings (1974), the Miami Showband killings (1975) and the Reavey and O'Dowd killings (1976).", "QuestionID": "q20", "Confidence": 5, "Passage is enough": "Passage is enough", "sentence1": "During the 1970s, the Glenanne gang—a secret alliance of loyalist militants, British soldiers and RUC officers—carried out a string of gun and bomb attacks against nationalists in an area of Northern Ireland known as the \"murder triangle\". It also carried out some attacks in the Republic, killing about 120 people in total, mostly civilians who had no connection to the government. The \"Cassel Report\" investigated 76 murders attributed to the group and found evidence that soldiers and policemen were involved in 74 of those. One member, RUC officer John Weir, claimed his superiors knew of the collusion but allowed it to continue. The \"Cassel Report\" also said some senior officers knew of the crimes but did nothing to prevent, investigate or punish. Attacks attributed to the group include the Dublin and Monaghan bombings (1974), the Miami Showband killings (1975) and the Reavey and O'Dowd killings (1976).", "sentence2": "Even if a Glenanne gang member thought that the targeting of these people was inappropriate, would he agree that the deaths of the victims was harmful to the nationalists' cause?", "label": "NO"}
{"SampleID": 5111, "PassageID": 428, "PassageEditID": 2, "original sentence": "It also carried out some attacks in the Republic, killing about 120 people in total, mostly uninvolved civilians.", "original cue": "uninvolved", "pre sentence": "During the 1970s, the Glenanne gang—a secret alliance of loyalist militants, British soldiers and RUC officers—carried out a string of gun and bomb attacks against nationalists in an area of Northern Ireland known as the \"murder triangle\".", "post sentence": "The \"Cassel Report\" investigated 76 murders attributed to the group and found evidence that soldiers and policemen were involved in 74 of those. One member, RUC officer John Weir, claimed his superiors knew of the collusion but allowed it to continue. The \"Cassel Report\" also said some senior officers knew of the crimes but did nothing to prevent, investigate or punish. Attacks attributed to the group include the Dublin and Monaghan bombings (1974), the Miami Showband killings (1975) and the Reavey and O'Dowd killings (1976).", "pre cue": "It also carried out some attacks in the Republic, killing about 120 people in total, mostly", "post cue": "civilians.", "original passage": "During the 1970s, the Glenanne gang—a secret alliance of loyalist militants, British soldiers and RUC officers—carried out a string of gun and bomb attacks against nationalists in an area of Northern Ireland known as the \"murder triangle\". It also carried out some attacks in the Republic, killing about 120 people in total, mostly uninvolved civilians. The \"Cassel Report\" investigated 76 murders attributed to the group and found evidence that soldiers and policemen were involved in 74 of those. One member, RUC officer John Weir, claimed his superiors knew of the collusion but allowed it to continue. The \"Cassel Report\" also said some senior officers knew of the crimes but did nothing to prevent, investigate or punish. Attacks attributed to the group include the Dublin and Monaghan bombings (1974), the Miami Showband killings (1975) and the Reavey and O'Dowd killings (1976).", "QuestionID": "q20", "Confidence": 5, "Passage is enough": "Passage is enough", "sentence1": "During the 1970s, the Glenanne gang—a secret alliance of loyalist militants, British soldiers and RUC officers—carried out a string of gun and bomb attacks against nationalists in an area of Northern Ireland known as the \"murder triangle\". It also carried out some attacks in the Republic, killing about 120 people in total, mostly militants who were uninvolved in local unrest, but were strongly connected to the nationalist cause. The \"Cassel Report\" investigated 76 murders attributed to the group and found evidence that soldiers and policemen were involved in 74 of those. One member, RUC officer John Weir, claimed his superiors knew of the collusion but allowed it to continue. The \"Cassel Report\" also said some senior officers knew of the crimes but did nothing to prevent, investigate or punish. Attacks attributed to the group include the Dublin and Monaghan bombings (1974), the Miami Showband killings (1975) and the Reavey and O'Dowd killings (1976).", "sentence2": "Even if a Glenanne gang member thought that the targeting of these people was inappropriate, would he agree that the deaths of the victims was harmful to the nationalists' cause?", "label": "YES"}
