{"SampleID": 2178, "PassageID": 185, "PassageEditID": 0, "original sentence": "The combined spectrum of the system is A2V, but the masses of the two component stars are unknown.", "original cue": "unknown", "pre sentence": "Eclipsing variables are star systems that vary in brightness because of one star passing in front of the other rather than from any intrinsic change in luminosity. W Ursae Minoris is one such system, its magnitude ranging from 8.51 to 9.59 over 1.7 days.", "post sentence": "A slight change in the orbital period in 1973 suggests there is a third component of the multiple star system—most likely a red dwarf—with an orbital period of 62.2±3.9 years. RU Ursae Minoris is another example, ranging from 10 to 10.66 over 0.52 days. It is a semidetached system, as the secondary star is filling its Roche lobe and transferring matter to the primary.", "pre cue": "The combined spectrum of the system is A2V, but the masses of the two component stars are", "post cue": ".", "original passage": "Eclipsing variables are star systems that vary in brightness because of one star passing in front of the other rather than from any intrinsic change in luminosity. W Ursae Minoris is one such system, its magnitude ranging from 8.51 to 9.59 over 1.7 days. The combined spectrum of the system is A2V, but the masses of the two component stars are unknown. A slight change in the orbital period in 1973 suggests there is a third component of the multiple star system—most likely a red dwarf—with an orbital period of 62.2±3.9 years. RU Ursae Minoris is another example, ranging from 10 to 10.66 over 0.52 days. It is a semidetached system, as the secondary star is filling its Roche lobe and transferring matter to the primary.", "QuestionID": "q20", "Confidence": 5, "Passage is enough": "Passage is enough", "sentence1": "Eclipsing variables are star systems that vary in brightness because of one star passing in front of the other rather than from any intrinsic change in luminosity. W Ursae Minoris is one such system, its magnitude ranging from 8.51 to 9.59 over 1.7 days. The combined spectrum of the system is A2V, but the masses of the two component stars are unknown. A slight change in the orbital period in 1973 suggests there is a third component of the multiple star system—most likely a red dwarf—with an orbital period of 62.2±3.9 years. RU Ursae Minoris is another example, ranging from 10 to 10.66 over 0.52 days. It is a semidetached system, as the secondary star is filling its Roche lobe and transferring matter to the primary.", "sentence2": "If one wanted to calculate a property of at least one of the component stars that required knowing the mass, could one do that?", "label": "NO"}
{"SampleID": 2181, "PassageID": 185, "PassageEditID": 1, "original sentence": "The combined spectrum of the system is A2V, but the masses of the two component stars are unknown.", "original cue": "unknown", "pre sentence": "Eclipsing variables are star systems that vary in brightness because of one star passing in front of the other rather than from any intrinsic change in luminosity. W Ursae Minoris is one such system, its magnitude ranging from 8.51 to 9.59 over 1.7 days.", "post sentence": "A slight change in the orbital period in 1973 suggests there is a third component of the multiple star system—most likely a red dwarf—with an orbital period of 62.2±3.9 years. RU Ursae Minoris is another example, ranging from 10 to 10.66 over 0.52 days. It is a semidetached system, as the secondary star is filling its Roche lobe and transferring matter to the primary.", "pre cue": "The combined spectrum of the system is A2V, but the masses of the two component stars are", "post cue": ".", "original passage": "Eclipsing variables are star systems that vary in brightness because of one star passing in front of the other rather than from any intrinsic change in luminosity. W Ursae Minoris is one such system, its magnitude ranging from 8.51 to 9.59 over 1.7 days. The combined spectrum of the system is A2V, but the masses of the two component stars are unknown. A slight change in the orbital period in 1973 suggests there is a third component of the multiple star system—most likely a red dwarf—with an orbital period of 62.2±3.9 years. RU Ursae Minoris is another example, ranging from 10 to 10.66 over 0.52 days. It is a semidetached system, as the secondary star is filling its Roche lobe and transferring matter to the primary.", "QuestionID": "q20", "Confidence": 5, "Passage is enough": "Passage is enough", "sentence1": "Eclipsing variables are star systems that vary in brightness because of one star passing in front of the other rather than from any intrinsic change in luminosity. W Ursae Minoris is one such system, its magnitude ranging from 8.51 to 9.59 over 1.7 days. The combined spectrum of the system is A2V, but the masses of the two component stars are a mystery. A slight change in the orbital period in 1973 suggests there is a third component of the multiple star system—most likely a red dwarf—with an orbital period of 62.2±3.9 years. RU Ursae Minoris is another example, ranging from 10 to 10.66 over 0.52 ;days. It is a semidetached system, as the secondary star is filling its Roche lobe and transferring matter to the primary.", "sentence2": "If one wanted to calculate a property of at least one of the component stars that required knowing the mass, could one do that?", "label": "NO"}
{"SampleID": 2184, "PassageID": 185, "PassageEditID": 2, "original sentence": "The combined spectrum of the system is A2V, but the masses of the two component stars are unknown.", "original cue": "unknown", "pre sentence": "Eclipsing variables are star systems that vary in brightness because of one star passing in front of the other rather than from any intrinsic change in luminosity. W Ursae Minoris is one such system, its magnitude ranging from 8.51 to 9.59 over 1.7 days.", "post sentence": "A slight change in the orbital period in 1973 suggests there is a third component of the multiple star system—most likely a red dwarf—with an orbital period of 62.2±3.9 years. RU Ursae Minoris is another example, ranging from 10 to 10.66 over 0.52 days. It is a semidetached system, as the secondary star is filling its Roche lobe and transferring matter to the primary.", "pre cue": "The combined spectrum of the system is A2V, but the masses of the two component stars are", "post cue": ".", "original passage": "Eclipsing variables are star systems that vary in brightness because of one star passing in front of the other rather than from any intrinsic change in luminosity. W Ursae Minoris is one such system, its magnitude ranging from 8.51 to 9.59 over 1.7 days. The combined spectrum of the system is A2V, but the masses of the two component stars are unknown. A slight change in the orbital period in 1973 suggests there is a third component of the multiple star system—most likely a red dwarf—with an orbital period of 62.2±3.9 years. RU Ursae Minoris is another example, ranging from 10 to 10.66 over 0.52 days. It is a semidetached system, as the secondary star is filling its Roche lobe and transferring matter to the primary.", "QuestionID": "q20", "Confidence": 5, "Passage is enough": "Passage is enough", "sentence1": "Eclipsing variables are star systems that vary in brightness because of one star passing in front of the other rather than from any intrinsic change in luminosity. W Ursae Minoris is one such system, its magnitude ranging from 8.51 to 9.59 over 1.7 days. The combined spectrum of the system is A2V, but the mass of one component star is known, though the other is unknown. A slight change in the orbital period in 1973 suggests there is a third component of the multiple star system—most likely a red dwarf—with an orbital period of 62.2±3.9 years. RU Ursae Minoris is another example, ranging from 10 to 10.66 over 0.52 ;days. It is a semidetached system, as the secondary star is filling its Roche lobe and transferring matter to the primary.", "sentence2": "If one wanted to calculate a property of at least one of the component stars that required knowing the mass, could one do that?", "label": "YES"}
{"SampleID": 391, "PassageID": 34, "PassageEditID": 0, "original sentence": "The plan had been approved, but a permit to construct the pipeline, which would cross lands involved in the land claims dispute, could not be granted until the Native claims were settled.", "original cue": "could not", "pre sentence": "In 1968, the Atlantic-Richfield Company discovered oil at Prudhoe Bay on the Arctic coast, catapulting the issue of land ownership into headlines. In order to lessen the difficulty of drilling at such a remote location and transporting the oil to the lower 48 states, the oil companies proposed building a pipeline to carry the oil across Alaska to the port of Valdez At Valdez, the oil would be loaded onto tankers and shipped to the contiguous states.", "post sentence": "", "pre cue": "The plan had been approved, but a permit to construct the pipeline, which would cross lands involved in the land claims dispute, ", "post cue": "be granted until the Native claims were settled.", "original passage": "In 1968, the Atlantic-Richfield Company discovered oil at Prudhoe Bay on the Arctic coast, catapulting the issue of land ownership into headlines. In order to lessen the difficulty of drilling at such a remote location and transporting the oil to the lower 48 states, the oil companies proposed building a pipeline to carry the oil across Alaska to the port of Valdez At Valdez, the oil would be loaded onto tankers and shipped to the contiguous states. The plan had been approved, but a permit to construct the pipeline, which would cross lands involved in the land claims dispute, could not be granted until the Native claims were settled.", "QuestionID": "q30", "Confidence": 4, "Passage is enough": "Passage is enough", "sentence1": "In 1968, the Atlantic-Richfield Company discovered oil at Prudhoe Bay on the Arctic coast, catapulting the issue of land ownership into headlines. In order to lessen the difficulty of drilling at such a remote location and transporting the oil to the lower 48 states, the oil companies proposed building a pipeline to carry the oil across Alaska to the port of Valdez At Valdez, the oil would be loaded onto tankers and shipped to the contiguous states. The plan had been approved, but a permit to construct the pipeline, which would cross lands involved in the land claims dispute, could not be granted until the Native claims were settled.", "sentence2": "Were the Natives happy with the outcome of the permit?", "label": "DON'T KNOW"}
{"SampleID": 394, "PassageID": 34, "PassageEditID": 1, "original sentence": "The plan had been approved, but a permit to construct the pipeline, which would cross lands involved in the land claims dispute, could not be granted until the Native claims were settled.", "original cue": "could not", "pre sentence": "In 1968, the Atlantic-Richfield Company discovered oil at Prudhoe Bay on the Arctic coast, catapulting the issue of land ownership into headlines. In order to lessen the difficulty of drilling at such a remote location and transporting the oil to the lower 48 states, the oil companies proposed building a pipeline to carry the oil across Alaska to the port of Valdez At Valdez, the oil would be loaded onto tankers and shipped to the contiguous states.", "post sentence": "", "pre cue": "The plan had been approved, but a permit to construct the pipeline, which would cross lands involved in the land claims dispute, ", "post cue": "be granted until the Native claims were settled.", "original passage": "In 1968, the Atlantic-Richfield Company discovered oil at Prudhoe Bay on the Arctic coast, catapulting the issue of land ownership into headlines. In order to lessen the difficulty of drilling at such a remote location and transporting the oil to the lower 48 states, the oil companies proposed building a pipeline to carry the oil across Alaska to the port of Valdez At Valdez, the oil would be loaded onto tankers and shipped to the contiguous states. The plan had been approved, but a permit to construct the pipeline, which would cross lands involved in the land claims dispute, could not be granted until the Native claims were settled.", "QuestionID": "q30", "Confidence": 4, "Passage is enough": "Passage is enough", "sentence1": "In 1968, the Atlantic-Richfield Company discovered oil at Prudhoe Bay on the Arctic coast, catapulting the issue of land ownership into headlines. In order to lessen the difficulty of drilling at such a remote location and transporting the oil to the lower 48 states, the oil companies proposed building a pipeline to carry the oil across Alaska to the port of Valdez At Valdez, the oil would be loaded onto tankers and shipped to the contiguous states. The plan had been approved, but a permit to construct the pipeline, which would cross lands involved in the land claims dispute, was stalled until the Native claims were settled.", "sentence2": "Were the Natives happy with the outcome of the permit?", "label": "DON'T KNOW"}
{"SampleID": 397, "PassageID": 34, "PassageEditID": 2, "original sentence": "The plan had been approved, but a permit to construct the pipeline, which would cross lands involved in the land claims dispute, could not be granted until the Native claims were settled.", "original cue": "could not", "pre sentence": "In 1968, the Atlantic-Richfield Company discovered oil at Prudhoe Bay on the Arctic coast, catapulting the issue of land ownership into headlines. In order to lessen the difficulty of drilling at such a remote location and transporting the oil to the lower 48 states, the oil companies proposed building a pipeline to carry the oil across Alaska to the port of Valdez At Valdez, the oil would be loaded onto tankers and shipped to the contiguous states.", "post sentence": "", "pre cue": "The plan had been approved, but a permit to construct the pipeline, which would cross lands involved in the land claims dispute, ", "post cue": "be granted until the Native claims were settled.", "original passage": "In 1968, the Atlantic-Richfield Company discovered oil at Prudhoe Bay on the Arctic coast, catapulting the issue of land ownership into headlines. In order to lessen the difficulty of drilling at such a remote location and transporting the oil to the lower 48 states, the oil companies proposed building a pipeline to carry the oil across Alaska to the port of Valdez At Valdez, the oil would be loaded onto tankers and shipped to the contiguous states. The plan had been approved, but a permit to construct the pipeline, which would cross lands involved in the land claims dispute, could not be granted until the Native claims were settled.", "QuestionID": "q30", "Confidence": 4, "Passage is enough": "Passage is enough", "sentence1": "In 1968, the Atlantic-Richfield Company discovered oil at Prudhoe Bay on the Arctic coast, catapulting the issue of land ownership into headlines. In order to lessen the difficulty of drilling at such a remote location and transporting the oil to the lower 48 states, the oil companies proposed building a pipeline to carry the oil across Alaska to the port of Valdez At Valdez, the oil would be loaded onto tankers and shipped to the contiguous states. The plan had been approved, and a permit to construct the pipeline, which could not cross lands involved in the land claims dispute, was granted since the Native claims were settled.", "sentence2": "Were the Natives happy with the outcome of the permit?", "label": "YES"}
{"SampleID": 2042, "PassageID": 174, "PassageEditID": 0, "original sentence": "In 1998 Jordan refused a secret request from Netanyahu to attack Iraq using Jordanian airspace after claiming Saddam held weapons of mass destruction.", "original cue": "refused", "pre sentence": "Mounting opposition in Jordan to the peace treaty with Israel led Hussein to put greater restrictions on freedom of speech. Several dissidents were imprisoned including Laith Shubeilat, a prominent Islamist. A few months into his imprisonment, the King personally gave Shubeilat, his fiercest critic, a ride home from the Swaqa prison. However, the crackdown led the opposition groups in Jordan to boycott the 1997 parliamentary elections.", "post sentence": "", "pre cue": "In 1998 Jordan", "post cue": "a secret request from Netanyahu to attack Iraq using Jordanian airspace after claiming Saddam held weapons of mass destruction.", "original passage": "Mounting opposition in Jordan to the peace treaty with Israel led Hussein to put greater restrictions on freedom of speech. Several dissidents were imprisoned including Laith Shubeilat, a prominent Islamist. A few months into his imprisonment, the King personally gave Shubeilat, his fiercest critic, a ride home from the Swaqa prison. However, the crackdown led the opposition groups in Jordan to boycott the 1997 parliamentary elections. In 1998 Jordan refused a secret request from Netanyahu to attack Iraq using Jordanian airspace after claiming Saddam held weapons of mass destruction.", "QuestionID": "q20", "Confidence": 5, "Passage is enough": "Passage is enough", "sentence1": "Mounting opposition in Jordan to the peace treaty with Israel led Hussein to put greater restrictions on freedom of speech. Several dissidents were imprisoned including Laith Shubeilat, a prominent Islamist. A few months into his imprisonment, the King personally gave Shubeilat, his fiercest critic, a ride home from the Swaqa prison. However, the crackdown led the opposition groups in Jordan to boycott the 1997 parliamentary elections. In 1998 Jordan refused a secret request from Netanyahu to attack Iraq using Jordanian airspace after claiming Saddam held weapons of mass destruction.", "sentence2": "Did the Jordanian King finally decided to send his airforce to battle Iraq based on the rumors that Iraq had weapons of mass destruction?", "label": "NO"}
{"SampleID": 2045, "PassageID": 174, "PassageEditID": 1, "original sentence": "In 1998 Jordan refused a secret request from Netanyahu to attack Iraq using Jordanian airspace after claiming Saddam held weapons of mass destruction.", "original cue": "refused", "pre sentence": "Mounting opposition in Jordan to the peace treaty with Israel led Hussein to put greater restrictions on freedom of speech. Several dissidents were imprisoned including Laith Shubeilat, a prominent Islamist. A few months into his imprisonment, the King personally gave Shubeilat, his fiercest critic, a ride home from the Swaqa prison. However, the crackdown led the opposition groups in Jordan to boycott the 1997 parliamentary elections.", "post sentence": "", "pre cue": "In 1998 Jordan", "post cue": "a secret request from Netanyahu to attack Iraq using Jordanian airspace after claiming Saddam held weapons of mass destruction.", "original passage": "Mounting opposition in Jordan to the peace treaty with Israel led Hussein to put greater restrictions on freedom of speech. Several dissidents were imprisoned including Laith Shubeilat, a prominent Islamist. A few months into his imprisonment, the King personally gave Shubeilat, his fiercest critic, a ride home from the Swaqa prison. However, the crackdown led the opposition groups in Jordan to boycott the 1997 parliamentary elections. In 1998 Jordan refused a secret request from Netanyahu to attack Iraq using Jordanian airspace after claiming Saddam held weapons of mass destruction.", "QuestionID": "q20", "Confidence": 5, "Passage is enough": "Passage is enough", "sentence1": "Mounting opposition in Jordan to the peace treaty with Israel led Hussein to put greater restrictions on freedom of speech. Several dissidents were imprisoned including Laith Shubeilat, a prominent Islamist. A few months into his imprisonment, the King personally gave Shubeilat, his fiercest critic, a ride home from the Swaqa prison. However, the crackdown led the opposition groups in Jordan to boycott the 1997 parliamentary elections. In 1998, Jordan rejected a secret request from Netanyahu to attack Iraq using Jordanian airspace after claiming Saddam held weapons of mass destruction.", "sentence2": "Did the Jordanian King finally decided to send his airforce to battle Iraq based on the rumors that Iraq had weapons of mass destruction?", "label": "NO"}
{"SampleID": 2048, "PassageID": 174, "PassageEditID": 2, "original sentence": "In 1998 Jordan refused a secret request from Netanyahu to attack Iraq using Jordanian airspace after claiming Saddam held weapons of mass destruction.", "original cue": "refused", "pre sentence": "Mounting opposition in Jordan to the peace treaty with Israel led Hussein to put greater restrictions on freedom of speech. Several dissidents were imprisoned including Laith Shubeilat, a prominent Islamist. A few months into his imprisonment, the King personally gave Shubeilat, his fiercest critic, a ride home from the Swaqa prison. However, the crackdown led the opposition groups in Jordan to boycott the 1997 parliamentary elections.", "post sentence": "", "pre cue": "In 1998 Jordan", "post cue": "a secret request from Netanyahu to attack Iraq using Jordanian airspace after claiming Saddam held weapons of mass destruction.", "original passage": "Mounting opposition in Jordan to the peace treaty with Israel led Hussein to put greater restrictions on freedom of speech. Several dissidents were imprisoned including Laith Shubeilat, a prominent Islamist. A few months into his imprisonment, the King personally gave Shubeilat, his fiercest critic, a ride home from the Swaqa prison. However, the crackdown led the opposition groups in Jordan to boycott the 1997 parliamentary elections. In 1998 Jordan refused a secret request from Netanyahu to attack Iraq using Jordanian airspace after claiming Saddam held weapons of mass destruction.", "QuestionID": "q20", "Confidence": 3, "Passage is enough": "Passage is enough", "sentence1": "Mounting opposition in Jordan to the peace treaty with Israel led Hussein to put greater restrictions on freedom of speech. Several dissidents were imprisoned including Laith Shubeilat, a prominent Islamist. A few months into his imprisonment, the King personally gave Shubeilat, his fiercest critic, a ride home from the Swaqa prison. However, the crackdown led the opposition groups in Jordan to boycott the 1997 parliamentary elections. In 1998, Netanyahu sent a secret request to attack Iraq using Jordanian airspace despite the refused claims of Jordan that Saddam held weapons of mass destruction.", "sentence2": "Did the Jordanian King finally decided to send his airforce to battle Iraq based on the rumors that Iraq had weapons of mass destruction?", "label": "NO"}
