{"SampleID": 7308, "PassageID": 613, "PassageEditID": 0, "original sentence": "Vaughan Williams, Rosenthal and Marguerite Long have all recorded that Ravel frequented brothels; Long attributed this to his self-consciousness about his diminutive stature, and consequent lack of confidence with women.", "original cue": "lack", "pre sentence": "Vaughan Williams's recollections throw some light on Ravel's private life, about which the latter's reserved and secretive personality has led to much speculation. ", "post sentence": "By other accounts, none of them first-hand, Ravel was in love with Misia Edwards, or wanted to marry the violinist Hélène Jourdan-Morhange. Rosenthal records and discounts contemporary speculation that Ravel, a lifelong bachelor, may have been homosexual. Such speculation recurred in a 2000 life of Ravel by Benjamin Ivry; subsequent studies have concluded that Ravel's sexuality and personal life remain a mystery.", "pre cue": "Vaughan Williams, Rosenthal and Marguerite Long have all recorded that Ravel frequented brothels; Long attributed this to his self-consciousness about his diminutive stature, and consequent ", "post cue": "of confidence with women.", "original passage": "Vaughan Williams's recollections throw some light on Ravel's private life, about which the latter's reserved and secretive personality has led to much speculation. Vaughan Williams, Rosenthal and Marguerite Long have all recorded that Ravel frequented brothels; Long attributed this to his self-consciousness about his diminutive stature, and consequent lack of confidence with women. By other accounts, none of them first-hand, Ravel was in love with Misia Edwards, or wanted to marry the violinist Hélène Jourdan-Morhange. Rosenthal records and discounts contemporary speculation that Ravel, a lifelong bachelor, may have been homosexual. Such speculation recurred in a 2000 life of Ravel by Benjamin Ivry; subsequent studies have concluded that Ravel's sexuality and personal life remain a mystery.", "QuestionID": "q20", "Confidence": 5, "Passage is enough": "Passage is enough", "sentence1": "Vaughan Williams's recollections throw some light on Ravel's private life, about which the latter's reserved and secretive personality has led to much speculation. Vaughan Williams, Rosenthal and Marguerite Long have all recorded that Ravel frequented brothels; Long attributed this to his self-consciousness about his diminutive stature, and consequent lack of confidence with women. By other accounts, none of them first-hand, Ravel was in love with Misia Edwards, or wanted to marry the violinist Hélène Jourdan-Morhange. Rosenthal records and discounts contemporary speculation that Ravel, a lifelong bachelor, may have been homosexual. Such speculation recurred in a 2000 life of Ravel by Benjamin Ivry; subsequent studies have concluded that Ravel's sexuality and personal life remain a mystery.", "sentence2": "Is it likely that Ravel was worried about being viewed negatively by women because of his height?", "label": "YES"}
{"SampleID": 7311, "PassageID": 613, "PassageEditID": 1, "original sentence": "Vaughan Williams, Rosenthal and Marguerite Long have all recorded that Ravel frequented brothels; Long attributed this to his self-consciousness about his diminutive stature, and consequent lack of confidence with women.", "original cue": "lack", "pre sentence": "Vaughan Williams's recollections throw some light on Ravel's private life, about which the latter's reserved and secretive personality has led to much speculation. ", "post sentence": "By other accounts, none of them first-hand, Ravel was in love with Misia Edwards, or wanted to marry the violinist Hélène Jourdan-Morhange. Rosenthal records and discounts contemporary speculation that Ravel, a lifelong bachelor, may have been homosexual. Such speculation recurred in a 2000 life of Ravel by Benjamin Ivry; subsequent studies have concluded that Ravel's sexuality and personal life remain a mystery.", "pre cue": "Vaughan Williams, Rosenthal and Marguerite Long have all recorded that Ravel frequented brothels; Long attributed this to his self-consciousness about his diminutive stature, and consequent ", "post cue": "of confidence with women.", "original passage": "Vaughan Williams's recollections throw some light on Ravel's private life, about which the latter's reserved and secretive personality has led to much speculation. Vaughan Williams, Rosenthal and Marguerite Long have all recorded that Ravel frequented brothels; Long attributed this to his self-consciousness about his diminutive stature, and consequent lack of confidence with women. By other accounts, none of them first-hand, Ravel was in love with Misia Edwards, or wanted to marry the violinist Hélène Jourdan-Morhange. Rosenthal records and discounts contemporary speculation that Ravel, a lifelong bachelor, may have been homosexual. Such speculation recurred in a 2000 life of Ravel by Benjamin Ivry; subsequent studies have concluded that Ravel's sexuality and personal life remain a mystery.", "QuestionID": "q20", "Confidence": 5, "Passage is enough": "Passage is enough", "sentence1": "Vaughan Williams's recollections throw some light on Ravel's private life, about which the latter's reserved and secretive personality has led to much speculation. Vaughan Williams, Rosenthal and Marguerite Long have all recorded that Ravel frequented brothels; Long attributed this to his self-consciousness about his diminutive stature, and consequent shortage of confidence with women. By other accounts, none of them first-hand, Ravel was in love with Misia Edwards, or wanted to marry the violinist Hélène Jourdan-Morhange. Rosenthal records and discounts contemporary speculation that Ravel, a lifelong bachelor, may have been homosexual. Such speculation recurred in a 2000 life of Ravel by Benjamin Ivry; subsequent studies have concluded that Ravel's sexuality and personal life remain a mystery.", "sentence2": "Is it likely that Ravel was worried about being viewed negatively by women because of his height?", "label": "YES"}
{"SampleID": 7314, "PassageID": 613, "PassageEditID": 2, "original sentence": "Vaughan Williams, Rosenthal and Marguerite Long have all recorded that Ravel frequented brothels; Long attributed this to his self-consciousness about his diminutive stature, and consequent lack of confidence with women.", "original cue": "lack", "pre sentence": "Vaughan Williams's recollections throw some light on Ravel's private life, about which the latter's reserved and secretive personality has led to much speculation. ", "post sentence": "By other accounts, none of them first-hand, Ravel was in love with Misia Edwards, or wanted to marry the violinist Hélène Jourdan-Morhange. Rosenthal records and discounts contemporary speculation that Ravel, a lifelong bachelor, may have been homosexual. Such speculation recurred in a 2000 life of Ravel by Benjamin Ivry; subsequent studies have concluded that Ravel's sexuality and personal life remain a mystery.", "pre cue": "Vaughan Williams, Rosenthal and Marguerite Long have all recorded that Ravel frequented brothels; Long attributed this to his self-consciousness about his diminutive stature, and consequent ", "post cue": "of confidence with women.", "original passage": "Vaughan Williams's recollections throw some light on Ravel's private life, about which the latter's reserved and secretive personality has led to much speculation. Vaughan Williams, Rosenthal and Marguerite Long have all recorded that Ravel frequented brothels; Long attributed this to his self-consciousness about his diminutive stature, and consequent lack of confidence with women. By other accounts, none of them first-hand, Ravel was in love with Misia Edwards, or wanted to marry the violinist Hélène Jourdan-Morhange. Rosenthal records and discounts contemporary speculation that Ravel, a lifelong bachelor, may have been homosexual. Such speculation recurred in a 2000 life of Ravel by Benjamin Ivry; subsequent studies have concluded that Ravel's sexuality and personal life remain a mystery.", "QuestionID": "q20", "Confidence": 5, "Passage is enough": "Passage is enough", "sentence1": "Vaughan Williams's recollections throw some light on Ravel's private life, about which the latter's reserved and secretive personality has led to much speculation. Vaughan Williams, Rosenthal and Marguerite Long have all recorded that Ravel frequented brothels; Long attributed this to his lack of self-consciousness about his diminutive stature, and consequent confidence with women. By other accounts, none of them first-hand, Ravel was in love with Misia Edwards, or wanted to marry the violinist Hélène Jourdan-Morhange. Rosenthal records and discounts contemporary speculation that Ravel, a lifelong bachelor, may have been homosexual. Such speculation recurred in a 2000 life of Ravel by Benjamin Ivry; subsequent studies have concluded that Ravel's sexuality and personal life remain a mystery.", "sentence2": "Is it likely that Ravel was worried about being viewed negatively by women because of his height?", "label": "NO"}
{"SampleID": 5041, "PassageID": 423, "PassageEditID": 0, "original sentence": "In December 1861, Lincoln sent his first annual message to Congress (the State of the Union Address, but then typically given in writing and not referred to as such).", "original cue": "not", "pre sentence": "", "post sentence": "In it he praised the free labor system, as respecting human rights over property rights; he endorsed legislation to address the status of contraband slaves and slaves in loyal states, possibly through buying their freedom with federal taxes, and also the funding of strictly voluntary colonization efforts. In January 1862, Thaddeus Stevens, the Republican leader in the House, called for total war against the rebellion to include emancipation of slaves, arguing that emancipation, by forcing the loss of enslaved labor, would ruin the rebel economy. On March 13, 1862, Congress approved a \"Law Enacting an Additional Article of War\", which stated that from that point onward it was forbidden for Union Army officers to return fugitive slaves to their owners. Pursuant to a law signed by Lincoln, slavery was abolished in the District of Columbia on April 16, 1862, and owners were compensated.", "pre cue": "In December 1861, Lincoln sent his first annual message to Congress (the State of the Union Address, but then typically given in writing and", "post cue": "referred to as such).", "original passage": "In December 1861, Lincoln sent his first annual message to Congress (the State of the Union Address, but then typically given in writing and not referred to as such). In it he praised the free labor system, as respecting human rights over property rights; he endorsed legislation to address the status of contraband slaves and slaves in loyal states, possibly through buying their freedom with federal taxes, and also the funding of strictly voluntary colonization efforts. In January 1862, Thaddeus Stevens, the Republican leader in the House, called for total war against the rebellion to include emancipation of slaves, arguing that emancipation, by forcing the loss of enslaved labor, would ruin the rebel economy. On March 13, 1862, Congress approved a \"Law Enacting an Additional Article of War\", which stated that from that point onward it was forbidden for Union Army officers to return fugitive slaves to their owners. Pursuant to a law signed by Lincoln, slavery was abolished in the District of Columbia on April 16, 1862, and owners were compensated.", "QuestionID": "q20", "Confidence": 5, "Passage is enough": "Passage is enough", "sentence1": "In December 1861, Lincoln sent his first annual message to Congress (the State of the Union Address, but then typically given in writing and not referred to as such). In it he praised the free labor system, as respecting human rights over property rights; he endorsed legislation to address the status of contraband slaves and slaves in loyal states, possibly through buying their freedom with federal taxes, and also the funding of strictly voluntary colonization efforts. In January 1862, Thaddeus Stevens, the Republican leader in the House, called for total war against the rebellion to include emancipation of slaves, arguing that emancipation, by forcing the loss of enslaved labor, would ruin the rebel economy. On March 13, 1862, Congress approved a \"Law Enacting an Additional Article of War\", which stated that from that point onward it was forbidden for Union Army officers to return fugitive slaves to their owners. Pursuant to a law signed by Lincoln, slavery was abolished in the District of Columbia on April 16, 1862, and owners were compensated.", "sentence2": "Would people have found it strange that Lincoln did not give an oral State of the Union address to Congress in 1861?", "label": "NO"}
{"SampleID": 5044, "PassageID": 423, "PassageEditID": 1, "original sentence": "In December 1861, Lincoln sent his first annual message to Congress (the State of the Union Address, but then typically given in writing and not referred to as such).", "original cue": "not", "pre sentence": "", "post sentence": "In it he praised the free labor system, as respecting human rights over property rights; he endorsed legislation to address the status of contraband slaves and slaves in loyal states, possibly through buying their freedom with federal taxes, and also the funding of strictly voluntary colonization efforts. In January 1862, Thaddeus Stevens, the Republican leader in the House, called for total war against the rebellion to include emancipation of slaves, arguing that emancipation, by forcing the loss of enslaved labor, would ruin the rebel economy. On March 13, 1862, Congress approved a \"Law Enacting an Additional Article of War\", which stated that from that point onward it was forbidden for Union Army officers to return fugitive slaves to their owners. Pursuant to a law signed by Lincoln, slavery was abolished in the District of Columbia on April 16, 1862, and owners were compensated.", "pre cue": "In December 1861, Lincoln sent his first annual message to Congress (the State of the Union Address, but then typically given in writing and", "post cue": "referred to as such).", "original passage": "In December 1861, Lincoln sent his first annual message to Congress (the State of the Union Address, but then typically given in writing and not referred to as such). In it he praised the free labor system, as respecting human rights over property rights; he endorsed legislation to address the status of contraband slaves and slaves in loyal states, possibly through buying their freedom with federal taxes, and also the funding of strictly voluntary colonization efforts. In January 1862, Thaddeus Stevens, the Republican leader in the House, called for total war against the rebellion to include emancipation of slaves, arguing that emancipation, by forcing the loss of enslaved labor, would ruin the rebel economy. On March 13, 1862, Congress approved a \"Law Enacting an Additional Article of War\", which stated that from that point onward it was forbidden for Union Army officers to return fugitive slaves to their owners. Pursuant to a law signed by Lincoln, slavery was abolished in the District of Columbia on April 16, 1862, and owners were compensated.", "QuestionID": "q20", "Confidence": 5, "Passage is enough": "Passage is enough", "sentence1": "In December 1861, Lincoln sent his first annual message to Congress (the State of the Union Address, but then typically given in writing and referred to by a different name). In it he praised the free labor system, as respecting human rights over property rights; he endorsed legislation to address the status of contraband slaves and slaves in loyal states, possibly through buying their freedom with federal taxes, and also the funding of strictly voluntary colonization efforts. In January 1862, Thaddeus Stevens, the Republican leader in the House, called for total war against the rebellion to include emancipation of slaves, arguing that emancipation, by forcing the loss of enslaved labor, would ruin the rebel economy. On March 13, 1862, Congress approved a \"Law Enacting an Additional Article of War\", which stated that from that point onward it was forbidden for Union Army officers to return fugitive slaves to their owners. Pursuant to a law signed by Lincoln, slavery was abolished in the District of Columbia on April 16, 1862, and owners were compensated.", "sentence2": "Would people have found it strange that Lincoln did not give an oral State of the Union address to Congress in 1861?", "label": "NO"}
{"SampleID": 5047, "PassageID": 423, "PassageEditID": 2, "original sentence": "In December 1861, Lincoln sent his first annual message to Congress (the State of the Union Address, but then typically given in writing and not referred to as such).", "original cue": "not", "pre sentence": "", "post sentence": "In it he praised the free labor system, as respecting human rights over property rights; he endorsed legislation to address the status of contraband slaves and slaves in loyal states, possibly through buying their freedom with federal taxes, and also the funding of strictly voluntary colonization efforts. In January 1862, Thaddeus Stevens, the Republican leader in the House, called for total war against the rebellion to include emancipation of slaves, arguing that emancipation, by forcing the loss of enslaved labor, would ruin the rebel economy. On March 13, 1862, Congress approved a \"Law Enacting an Additional Article of War\", which stated that from that point onward it was forbidden for Union Army officers to return fugitive slaves to their owners. Pursuant to a law signed by Lincoln, slavery was abolished in the District of Columbia on April 16, 1862, and owners were compensated.", "pre cue": "In December 1861, Lincoln sent his first annual message to Congress (the State of the Union Address, but then typically given in writing and", "post cue": "referred to as such).", "original passage": "In December 1861, Lincoln sent his first annual message to Congress (the State of the Union Address, but then typically given in writing and not referred to as such). In it he praised the free labor system, as respecting human rights over property rights; he endorsed legislation to address the status of contraband slaves and slaves in loyal states, possibly through buying their freedom with federal taxes, and also the funding of strictly voluntary colonization efforts. In January 1862, Thaddeus Stevens, the Republican leader in the House, called for total war against the rebellion to include emancipation of slaves, arguing that emancipation, by forcing the loss of enslaved labor, would ruin the rebel economy. On March 13, 1862, Congress approved a \"Law Enacting an Additional Article of War\", which stated that from that point onward it was forbidden for Union Army officers to return fugitive slaves to their owners. Pursuant to a law signed by Lincoln, slavery was abolished in the District of Columbia on April 16, 1862, and owners were compensated.", "QuestionID": "q20", "Confidence": 4, "Passage is enough": "Passage is enough", "sentence1": "In December 1861, Lincoln sent his first annual message to Congress (the State of the Union Address, which was not typically given in writing or referred to as such). In it he praised the free labor system, as respecting human rights over property rights; he endorsed legislation to address the status of contraband slaves and slaves in loyal states, possibly through buying their freedom with federal taxes, and also the funding of strictly voluntary colonization efforts. In January 1862, Thaddeus Stevens, the Republican leader in the House, called for total war against the rebellion to include emancipation of slaves, arguing that emancipation, by forcing the loss of enslaved labor, would ruin the rebel economy. On March 13, 1862, Congress approved a \"Law Enacting an Additional Article of War\", which stated that from that point onward it was forbidden for Union Army officers to return fugitive slaves to their owners. Pursuant to a law signed by Lincoln, slavery was abolished in the District of Columbia on April 16, 1862, and owners were compensated.", "sentence2": "Would people have found it strange that Lincoln did not give an oral State of the Union address to Congress in 1861?", "label": "YES"}
{"SampleID": 2453, "PassageID": 208, "PassageEditID": 0, "original sentence": "Whether Wellman and Chaney were legally married is unknown.", "original cue": "unknown", "pre sentence": "Biographer Clarice Stasz and others believe London's father was astrologer William Chaney. Flora Wellman was living with Chaney in San Francisco when she became pregnant.", "post sentence": " Stasz notes that in his memoirs, Chaney refers to London's mother Flora Wellman as having been \"his wife\"; he also cites an advertisement in which Flora called herself \"Florence Wellman Chaney\".", "pre cue": "Whether Wellman and Chaney were legally married is", "post cue": ".", "original passage": "Biographer Clarice Stasz and others believe London's father was astrologer William Chaney. Flora Wellman was living with Chaney in San Francisco when she became pregnant. Whether Wellman and Chaney were legally married is unknown. Stasz notes that in his memoirs, Chaney refers to London's mother Flora Wellman as having been \"his wife\"; he also cites an advertisement in which Flora called herself \"Florence Wellman Chaney\".", "QuestionID": "q10", "Confidence": 5, "Passage is enough": "Passage is enough", "sentence1": "Biographer Clarice Stasz and others believe London's father was astrologer William Chaney. Flora Wellman was living with Chaney in San Francisco when she became pregnant. Whether Wellman and Chaney were legally married is unknown. Stasz notes that in his memoirs, Chaney refers to London's mother Flora Wellman as having been \"his wife\"; he also cites an advertisement in which Flora called herself \"Florence Wellman Chaney\".", "sentence2": "Knowing that the state of California does not recognize common-law marriage, does the passage allow for the possibility that Wellman and Chaney lived their lives without being officially recognized as a married couple by the state, even if their friends and the public viewed them as such?", "label": "YES"}
{"SampleID": 2456, "PassageID": 208, "PassageEditID": 1, "original sentence": "Whether Wellman and Chaney were legally married is unknown.", "original cue": "unknown", "pre sentence": "Biographer Clarice Stasz and others believe London's father was astrologer William Chaney. Flora Wellman was living with Chaney in San Francisco when she became pregnant.", "post sentence": " Stasz notes that in his memoirs, Chaney refers to London's mother Flora Wellman as having been \"his wife\"; he also cites an advertisement in which Flora called herself \"Florence Wellman Chaney\".", "pre cue": "Whether Wellman and Chaney were legally married is", "post cue": ".", "original passage": "Biographer Clarice Stasz and others believe London's father was astrologer William Chaney. Flora Wellman was living with Chaney in San Francisco when she became pregnant. Whether Wellman and Chaney were legally married is unknown. Stasz notes that in his memoirs, Chaney refers to London's mother Flora Wellman as having been \"his wife\"; he also cites an advertisement in which Flora called herself \"Florence Wellman Chaney\".", "QuestionID": "q10", "Confidence": 5, "Passage is enough": "Passage is enough", "sentence1": "Biographer Clarice Stasz and others believe London's father was astrologer William Chaney. Flora Wellman was living with Chaney in San Francisco when she became pregnant. It is not known if Wellman and Chaney were married in the legal sense. Stasz notes that in his memoirs, Chaney refers to London's mother Flora Wellman as having been \"his wife\"; he also cites an advertisement in which Flora called herself \"Florence Wellman Chaney\".", "sentence2": "Knowing that the state of California does not recognize common-law marriage, does the passage allow for the possibility that Wellman and Chaney lived their lives without being officially recognized as a married couple by the state, even if their friends and the public viewed them as such?", "label": "YES"}
{"SampleID": 2459, "PassageID": 208, "PassageEditID": 2, "original sentence": "Whether Wellman and Chaney were legally married is unknown.", "original cue": "unknown", "pre sentence": "Biographer Clarice Stasz and others believe London's father was astrologer William Chaney. Flora Wellman was living with Chaney in San Francisco when she became pregnant.", "post sentence": " Stasz notes that in his memoirs, Chaney refers to London's mother Flora Wellman as having been \"his wife\"; he also cites an advertisement in which Flora called herself \"Florence Wellman Chaney\".", "pre cue": "Whether Wellman and Chaney were legally married is", "post cue": ".", "original passage": "Biographer Clarice Stasz and others believe London's father was astrologer William Chaney. Flora Wellman was living with Chaney in San Francisco when she became pregnant. Whether Wellman and Chaney were legally married is unknown. Stasz notes that in his memoirs, Chaney refers to London's mother Flora Wellman as having been \"his wife\"; he also cites an advertisement in which Flora called herself \"Florence Wellman Chaney\".", "QuestionID": "q10", "Confidence": 5, "Passage is enough": "Passage is enough", "sentence1": "Biographer Clarice Stasz and others believe London's father was astrologer William Chaney. Flora Wellman was living with Chaney in San Francisco when she became pregnant. Whether Wellman and Chaney were legally married was unknown at the time to the broader public, but unsealed records have revealed that it was the case. Stasz notes that in his memoirs, Chaney refers to London's mother Flora Wellman as having been \"his wife\"; he also cites an advertisement in which Flora called herself \"Florence Wellman Chaney\".", "sentence2": "Knowing that the state of California does not recognize common-law marriage, does the passage allow for the possibility that Wellman and Chaney lived their lives without being officially recognized as a married couple by the state, even if their friends and the public viewed them as such?", "label": "NO"}
