{"SampleID": 2030, "PassageID": 173, "PassageEditID": 0, "original sentence": "Then CEO of the company, Dr. Ulrich Bez had publicly speculated about outsourcing all of Aston Martin's operations with the exception of marketing.", "original cue": "with the exception of", "pre sentence": "The first four-door Rapide grand tourers rolled out of the Magna Steyr factory in Graz, Austria in 2010. The contract manufacturer provides dedicated facilities to ensure compliance with the exacting standards of Aston Martin and other marques, including Mercedes-Benz.", "post sentence": "In September 2011, it was announced that production of the Rapide would be returned to Gaydon in the second half of 2012, restoring all of the company's automobile manufacture there.", "pre cue": "Then CEO of the company, Dr. Ulrich Bez had publicly speculated about outsourcing all of Aston Martin's operations ", "post cue": "marketing.", "original passage": "The first four-door Rapide grand tourers rolled out of the Magna Steyr factory in Graz, Austria in 2010. The contract manufacturer provides dedicated facilities to ensure compliance with the exacting standards of Aston Martin and other marques, including Mercedes-Benz. Then CEO of the company, Dr. Ulrich Bez had publicly speculated about outsourcing all of Aston Martin's operations with the exception of marketing. In September 2011, it was announced that production of the Rapide would be returned to Gaydon in the second half of 2012, restoring all of the company's automobile manufacture there.", "QuestionID": "q20", "Confidence": 4, "Passage is enough": "Passage is enough", "sentence1": "The first four-door Rapide grand tourers rolled out of the Magna Steyr factory in Graz, Austria in 2010. The contract manufacturer provides dedicated facilities to ensure compliance with the exacting standards of Aston Martin and other marques, including Mercedes-Benz. Then CEO of the company, Dr. Ulrich Bez had publicly speculated about outsourcing all of Aston Martin's operations with the exception of marketing. In September 2011, it was announced that production of the Rapide would be returned to Gaydon in the second half of 2012, restoring all of the company's automobile manufacture there.", "sentence2": "Would there likely be a noticeable change in the advertising methods of Aston Martin?", "label": "NO"}
{"SampleID": 2033, "PassageID": 173, "PassageEditID": 1, "original sentence": "Then CEO of the company, Dr. Ulrich Bez had publicly speculated about outsourcing all of Aston Martin's operations with the exception of marketing.", "original cue": "with the exception of", "pre sentence": "The first four-door Rapide grand tourers rolled out of the Magna Steyr factory in Graz, Austria in 2010. The contract manufacturer provides dedicated facilities to ensure compliance with the exacting standards of Aston Martin and other marques, including Mercedes-Benz.", "post sentence": "In September 2011, it was announced that production of the Rapide would be returned to Gaydon in the second half of 2012, restoring all of the company's automobile manufacture there.", "pre cue": "Then CEO of the company, Dr. Ulrich Bez had publicly speculated about outsourcing all of Aston Martin's operations ", "post cue": "marketing.", "original passage": "The first four-door Rapide grand tourers rolled out of the Magna Steyr factory in Graz, Austria in 2010. The contract manufacturer provides dedicated facilities to ensure compliance with the exacting standards of Aston Martin and other marques, including Mercedes-Benz. Then CEO of the company, Dr. Ulrich Bez had publicly speculated about outsourcing all of Aston Martin's operations with the exception of marketing. In September 2011, it was announced that production of the Rapide would be returned to Gaydon in the second half of 2012, restoring all of the company's automobile manufacture there.", "QuestionID": "q20", "Confidence": 4, "Passage is enough": "Passage is enough", "sentence1": "The first four-door Rapide grand tourers rolled out of the Magna Steyr factory in Graz, Austria in 2010. The contract manufacturer provides dedicated facilities to ensure compliance with the exacting standards of Aston Martin and other marques, including Mercedes-Benz. Then CEO of the company, Dr. Ulrich Bez had publicly speculated about outsourcing all of Aston Martin's operations other than marketing. In September 2011, it was announced that production of the Rapide would be returned to Gaydon in the second half of 2012, restoring all of the company's automobile manufacture there.", "sentence2": "Would there likely be a noticeable change in the advertising methods of Aston Martin?", "label": "NO"}
{"SampleID": 2036, "PassageID": 173, "PassageEditID": 2, "original sentence": "Then CEO of the company, Dr. Ulrich Bez had publicly speculated about outsourcing all of Aston Martin's operations with the exception of marketing.", "original cue": "with the exception of", "pre sentence": "The first four-door Rapide grand tourers rolled out of the Magna Steyr factory in Graz, Austria in 2010. The contract manufacturer provides dedicated facilities to ensure compliance with the exacting standards of Aston Martin and other marques, including Mercedes-Benz.", "post sentence": "In September 2011, it was announced that production of the Rapide would be returned to Gaydon in the second half of 2012, restoring all of the company's automobile manufacture there.", "pre cue": "Then CEO of the company, Dr. Ulrich Bez had publicly speculated about outsourcing all of Aston Martin's operations ", "post cue": "marketing.", "original passage": "The first four-door Rapide grand tourers rolled out of the Magna Steyr factory in Graz, Austria in 2010. The contract manufacturer provides dedicated facilities to ensure compliance with the exacting standards of Aston Martin and other marques, including Mercedes-Benz. Then CEO of the company, Dr. Ulrich Bez had publicly speculated about outsourcing all of Aston Martin's operations with the exception of marketing. In September 2011, it was announced that production of the Rapide would be returned to Gaydon in the second half of 2012, restoring all of the company's automobile manufacture there.", "QuestionID": "q20", "Confidence": 4, "Passage is enough": "Passage is enough", "sentence1": "The first four-door Rapide grand tourers rolled out of the Magna Steyr factory in Graz, Austria in 2010. The contract manufacturer provides dedicated facilities to ensure compliance with the exacting standards of Aston Martin and other marques, including Mercedes-Benz. Then CEO of the company, Dr. Ulrich Bez had publicly speculated about outsourcing all of Aston Martin's operations with the exception of marketing and sales. In September 2011, it was announced that production of the Rapide would be returned to Gaydon in the second half of 2012, restoring all of the company's automobile manufacture there.", "sentence2": "Would there likely be a noticeable change in the advertising methods of Aston Martin?", "label": "NO"}
{"SampleID": 2039, "PassageID": 173, "PassageEditID": 3, "original sentence": "Then CEO of the company, Dr. Ulrich Bez had publicly speculated about outsourcing all of Aston Martin's operations with the exception of marketing.", "original cue": "with the exception of", "pre sentence": "The first four-door Rapide grand tourers rolled out of the Magna Steyr factory in Graz, Austria in 2010. The contract manufacturer provides dedicated facilities to ensure compliance with the exacting standards of Aston Martin and other marques, including Mercedes-Benz.", "post sentence": "In September 2011, it was announced that production of the Rapide would be returned to Gaydon in the second half of 2012, restoring all of the company's automobile manufacture there.", "pre cue": "Then CEO of the company, Dr. Ulrich Bez had publicly speculated about outsourcing all of Aston Martin's operations ", "post cue": "marketing.", "original passage": "The first four-door Rapide grand tourers rolled out of the Magna Steyr factory in Graz, Austria in 2010. The contract manufacturer provides dedicated facilities to ensure compliance with the exacting standards of Aston Martin and other marques, including Mercedes-Benz. Then CEO of the company, Dr. Ulrich Bez had publicly speculated about outsourcing all of Aston Martin's operations with the exception of marketing. In September 2011, it was announced that production of the Rapide would be returned to Gaydon in the second half of 2012, restoring all of the company's automobile manufacture there.", "QuestionID": "q20", "Confidence": 5, "Passage is enough": "Passage is enough", "sentence1": "The first four-door Rapide grand tourers rolled out of the Magna Steyr factory in Graz, Austria in 2010. The contract manufacturer provides dedicated facilities to ensure compliance with the exacting standards of Aston Martin and other marques, including Mercedes-Benz. Then CEO of the company, Dr. Ulrich Bez had publicly speculated about outsourcing all of Aston Martin's operations, including marketing. In September 2011, it was announced that production of the Rapide would be returned to Gaydon in the second half of 2012, restoring all of the company's automobile manufacture there.", "sentence2": "Would there likely be a noticeable change in the advertising methods of Aston Martin?", "label": "YES"}
{"SampleID": 3924, "PassageID": 330, "PassageEditID": 0, "original sentence": "Friendly relations with Russia have been an important advantage for China, offsetting its often uneasy relations with the U.S.", "original cue": "uneasy", "pre sentence": "The end of the long-held animosity between Moscow and Beijing was marked by the visit to China by Soviet General Secretary Mikhail Gorbachev in 1989. After the 1991 demise of the Soviet Union, China's relations with Russia and the former states of the Soviet Union became more amicable as the conflicting ideologies of the two vast nations no longer stood in the way. A new round of bilateral agreements was signed during reciprocal head of state visits. As in the early 1950s with the Soviet Union, Russia has again become an important source of military technology for China, as well as for raw materials and trade.", "post sentence": "", "pre cue": "Friendly relations with Russia have been an important advantage for China, offsetting its often ", "post cue": "relations with the U.S.", "original passage": "The end of the long-held animosity between Moscow and Beijing was marked by the visit to China by Soviet General Secretary Mikhail Gorbachev in 1989. After the 1991 demise of the Soviet Union, China's relations with Russia and the former states of the Soviet Union became more amicable as the conflicting ideologies of the two vast nations no longer stood in the way. A new round of bilateral agreements was signed during reciprocal head of state visits. As in the early 1950s with the Soviet Union, Russia has again become an important source of military technology for China, as well as for raw materials and trade. Friendly relations with Russia have been an important advantage for China, offsetting its often uneasy relations with the U.S.", "QuestionID": "q30", "Confidence": 5, "Passage is enough": "Passage is enough", "sentence1": "The end of the long-held animosity between Moscow and Beijing was marked by the visit to China by Soviet General Secretary Mikhail Gorbachev in 1989. After the 1991 demise of the Soviet Union, China's relations with Russia and the former states of the Soviet Union became more amicable as the conflicting ideologies of the two vast nations no longer stood in the way. A new round of bilateral agreements was signed during reciprocal head of state visits. As in the early 1950s with the Soviet Union, Russia has again become an important source of military technology for China, as well as for raw materials and trade. Friendly relations with Russia have been an important advantage for China, offsetting its often uneasy relations with the U.S.", "sentence2": "Can China rely on both the US and Russia as supportive allies?", "label": "NO"}
{"SampleID": 3927, "PassageID": 330, "PassageEditID": 1, "original sentence": "Friendly relations with Russia have been an important advantage for China, offsetting its often uneasy relations with the U.S.", "original cue": "uneasy", "pre sentence": "The end of the long-held animosity between Moscow and Beijing was marked by the visit to China by Soviet General Secretary Mikhail Gorbachev in 1989. After the 1991 demise of the Soviet Union, China's relations with Russia and the former states of the Soviet Union became more amicable as the conflicting ideologies of the two vast nations no longer stood in the way. A new round of bilateral agreements was signed during reciprocal head of state visits. As in the early 1950s with the Soviet Union, Russia has again become an important source of military technology for China, as well as for raw materials and trade.", "post sentence": "", "pre cue": "Friendly relations with Russia have been an important advantage for China, offsetting its often ", "post cue": "relations with the U.S.", "original passage": "The end of the long-held animosity between Moscow and Beijing was marked by the visit to China by Soviet General Secretary Mikhail Gorbachev in 1989. After the 1991 demise of the Soviet Union, China's relations with Russia and the former states of the Soviet Union became more amicable as the conflicting ideologies of the two vast nations no longer stood in the way. A new round of bilateral agreements was signed during reciprocal head of state visits. As in the early 1950s with the Soviet Union, Russia has again become an important source of military technology for China, as well as for raw materials and trade. Friendly relations with Russia have been an important advantage for China, offsetting its often uneasy relations with the U.S.", "QuestionID": "q30", "Confidence": 5, "Passage is enough": "Passage is enough", "sentence1": "The end of the long-held animosity between Moscow and Beijing was marked by the visit to China by Soviet General Secretary Mikhail Gorbachev in 1989. After the 1991 demise of the Soviet Union, China's relations with Russia and the former states of the Soviet Union became more amicable as the conflicting ideologies of the two vast nations no longer stood in the way. A new round of bilateral agreements was signed during reciprocal head of state visits. As in the early 1950s with the Soviet Union, Russia has again become an important source of military technology for China, as well as for raw materials and trade. Friendly relations with Russia have been an important advantage for China, offsetting its complicated and sometimes combative relations with the U.S.", "sentence2": "Can China rely on both the US and Russia as supportive allies?", "label": "NO"}
{"SampleID": 3930, "PassageID": 330, "PassageEditID": 2, "original sentence": "Friendly relations with Russia have been an important advantage for China, offsetting its often uneasy relations with the U.S.", "original cue": "uneasy", "pre sentence": "The end of the long-held animosity between Moscow and Beijing was marked by the visit to China by Soviet General Secretary Mikhail Gorbachev in 1989. After the 1991 demise of the Soviet Union, China's relations with Russia and the former states of the Soviet Union became more amicable as the conflicting ideologies of the two vast nations no longer stood in the way. A new round of bilateral agreements was signed during reciprocal head of state visits. As in the early 1950s with the Soviet Union, Russia has again become an important source of military technology for China, as well as for raw materials and trade.", "post sentence": "", "pre cue": "Friendly relations with Russia have been an important advantage for China, offsetting its often ", "post cue": "relations with the U.S.", "original passage": "The end of the long-held animosity between Moscow and Beijing was marked by the visit to China by Soviet General Secretary Mikhail Gorbachev in 1989. After the 1991 demise of the Soviet Union, China's relations with Russia and the former states of the Soviet Union became more amicable as the conflicting ideologies of the two vast nations no longer stood in the way. A new round of bilateral agreements was signed during reciprocal head of state visits. As in the early 1950s with the Soviet Union, Russia has again become an important source of military technology for China, as well as for raw materials and trade. Friendly relations with Russia have been an important advantage for China, offsetting its often uneasy relations with the U.S.", "QuestionID": "q30", "Confidence": 5, "Passage is enough": "Passage is enough", "sentence1": "The end of the long-held animosity between Moscow and Beijing was marked by the visit to China by Soviet General Secretary Mikhail Gorbachev in 1989. After the 1991 demise of the Soviet Union, China's relations with Russia and the former states of the Soviet Union became more amicable as the conflicting ideologies of the two vast nations no longer stood in the way. A new round of bilateral agreements was signed during reciprocal head of state visits. As in the early 1950s with the Soviet Union, Russia has again become an important source of military technology for China, as well as for raw materials and trade. Having uneasy relations with Russia has been an major concern for China, alongside its similarly complicated relations with the U.S.", "sentence2": "Can China rely on both the US and Russia as supportive allies?", "label": "NO"}
{"SampleID": 3933, "PassageID": 330, "PassageEditID": 3, "original sentence": "Friendly relations with Russia have been an important advantage for China, offsetting its often uneasy relations with the U.S.", "original cue": "uneasy", "pre sentence": "The end of the long-held animosity between Moscow and Beijing was marked by the visit to China by Soviet General Secretary Mikhail Gorbachev in 1989. After the 1991 demise of the Soviet Union, China's relations with Russia and the former states of the Soviet Union became more amicable as the conflicting ideologies of the two vast nations no longer stood in the way. A new round of bilateral agreements was signed during reciprocal head of state visits. As in the early 1950s with the Soviet Union, Russia has again become an important source of military technology for China, as well as for raw materials and trade.", "post sentence": "", "pre cue": "Friendly relations with Russia have been an important advantage for China, offsetting its often ", "post cue": "relations with the U.S.", "original passage": "The end of the long-held animosity between Moscow and Beijing was marked by the visit to China by Soviet General Secretary Mikhail Gorbachev in 1989. After the 1991 demise of the Soviet Union, China's relations with Russia and the former states of the Soviet Union became more amicable as the conflicting ideologies of the two vast nations no longer stood in the way. A new round of bilateral agreements was signed during reciprocal head of state visits. As in the early 1950s with the Soviet Union, Russia has again become an important source of military technology for China, as well as for raw materials and trade. Friendly relations with Russia have been an important advantage for China, offsetting its often uneasy relations with the U.S.", "QuestionID": "q30", "Confidence": 5, "Passage is enough": "Passage is enough", "sentence1": "The end of the long-held animosity between Moscow and Beijing was marked by the visit to China by Soviet General Secretary Mikhail Gorbachev in 1989. After the 1991 demise of the Soviet Union, China's relations with Russia and the former states of the Soviet Union became more amicable as the conflicting ideologies of the two vast nations no longer stood in the way. A new round of bilateral agreements was signed during reciprocal head of state visits. As in the early 1950s with the Soviet Union, Russia has again become an important source of military technology for China, as well as for raw materials and trade. Friendly relations with Russia have been an important advantage for China, complementing its strong ties with the U.S.", "sentence2": "Can China rely on both the US and Russia as supportive allies?", "label": "YES"}
{"SampleID": 1640, "PassageID": 139, "PassageEditID": 0, "original sentence": "However, since 2003, clubs cannot move grounds to the away side's for capacity or financial reasons.", "original cue": "cannot", "pre sentence": "In the matches for the twelve competition rounds, the team who plays at home is decided when the fixtures are drawn – simply the first team drawn out for each fixture. Occasionally games may have to be moved to other grounds due to other events taking place, security reasons or a ground not being suitable to host popular teams. ", "post sentence": " If any move has to be made, it has to be to a neutral venue and any additional monies earned by the move goes into the central pot. In the event of a draw, the replay is played at the ground of the team who originally played away from home.", "pre cue": "However, since 2003, clubs", "post cue": "move grounds to the away side's for capacity or financial reasons.", "original passage": "In the matches for the twelve competition rounds, the team who plays at home is decided when the fixtures are drawn – simply the first team drawn out for each fixture. Occasionally games may have to be moved to other grounds due to other events taking place, security reasons or a ground not being suitable to host popular teams. However, since 2003, clubs cannot move grounds to the away side's for capacity or financial reasons. If any move has to be made, it has to be to a neutral venue and any additional monies earned by the move goes into the central pot. In the event of a draw, the replay is played at the ground of the team who originally played away from home.", "QuestionID": "q20", "Confidence": 5, "Passage is enough": "Passage is enough", "sentence1": "In the matches for the twelve competition rounds, the team who plays at home is decided when the fixtures are drawn – simply the first team drawn out for each fixture. Occasionally games may have to be moved to other grounds due to other events taking place, security reasons or a ground not being suitable to host popular teams. However, since 2003, clubs cannot move grounds to the away side's for capacity or financial reasons. If any move has to be made, it has to be to a neutral venue and any additional monies earned by the move goes into the central pot. In the event of a draw, the replay is played at the ground of the team who originally played away from home.", "sentence2": "Would a club win the European Champions League even if it does not have the capacity to move to the away sides?", "label": "DON'T KNOW"}
{"SampleID": 1643, "PassageID": 139, "PassageEditID": 1, "original sentence": "However, since 2003, clubs cannot move grounds to the away side's for capacity or financial reasons.", "original cue": "cannot", "pre sentence": "In the matches for the twelve competition rounds, the team who plays at home is decided when the fixtures are drawn – simply the first team drawn out for each fixture. Occasionally games may have to be moved to other grounds due to other events taking place, security reasons or a ground not being suitable to host popular teams. ", "post sentence": " If any move has to be made, it has to be to a neutral venue and any additional monies earned by the move goes into the central pot. In the event of a draw, the replay is played at the ground of the team who originally played away from home.", "pre cue": "However, since 2003, clubs", "post cue": "move grounds to the away side's for capacity or financial reasons.", "original passage": "In the matches for the twelve competition rounds, the team who plays at home is decided when the fixtures are drawn – simply the first team drawn out for each fixture. Occasionally games may have to be moved to other grounds due to other events taking place, security reasons or a ground not being suitable to host popular teams. However, since 2003, clubs cannot move grounds to the away side's for capacity or financial reasons. If any move has to be made, it has to be to a neutral venue and any additional monies earned by the move goes into the central pot. In the event of a draw, the replay is played at the ground of the team who originally played away from home.", "QuestionID": "q20", "Confidence": 5, "Passage is enough": "Passage is enough", "sentence1": "In the matches for the twelve competition rounds, the team who plays at home is decided when the fixtures are drawn – simply the first team drawn out for each fixture. Occasionally games may have to be moved to other grounds due to other events taking place, security reasons or a ground not being suitable to host popular teams. However, since 2003, clubs find it difficult to move grounds to the away side's for capacity or financial reasons. If any move has to be made, it has to be to a neutral venue and any additional monies earned by the move goes into the central pot. In the event of a draw, the replay is played at the ground of the team who originally played away from home.", "sentence2": "Would a club win the European Champions League even if it does not have the capacity to move to the away sides?", "label": "DON'T KNOW"}
{"SampleID": 1646, "PassageID": 139, "PassageEditID": 2, "original sentence": "However, since 2003, clubs cannot move grounds to the away side's for capacity or financial reasons.", "original cue": "cannot", "pre sentence": "In the matches for the twelve competition rounds, the team who plays at home is decided when the fixtures are drawn – simply the first team drawn out for each fixture. Occasionally games may have to be moved to other grounds due to other events taking place, security reasons or a ground not being suitable to host popular teams. ", "post sentence": " If any move has to be made, it has to be to a neutral venue and any additional monies earned by the move goes into the central pot. In the event of a draw, the replay is played at the ground of the team who originally played away from home.", "pre cue": "However, since 2003, clubs", "post cue": "move grounds to the away side's for capacity or financial reasons.", "original passage": "In the matches for the twelve competition rounds, the team who plays at home is decided when the fixtures are drawn – simply the first team drawn out for each fixture. Occasionally games may have to be moved to other grounds due to other events taking place, security reasons or a ground not being suitable to host popular teams. However, since 2003, clubs cannot move grounds to the away side's for capacity or financial reasons. If any move has to be made, it has to be to a neutral venue and any additional monies earned by the move goes into the central pot. In the event of a draw, the replay is played at the ground of the team who originally played away from home.", "QuestionID": "q20", "Confidence": 5, "Passage is enough": "Passage is enough", "sentence1": "In the matches for the twelve competition rounds, the team who plays at home is decided when the fixtures are drawn – simply the first team drawn out for each fixture. Occasionally games may have to be moved to other grounds due to other events taking place, security reasons or a ground not being suitable to host popular teams. Since 2003, clubs movement to the away sides are dependent on capacity or if the club cannot meet financial responsibilities. If any move has to be made, it has to be to a neutral venue and any additional monies earned by the move goes into the central pot. In the event of a draw, the replay is played at the ground of the team who originally played away from home.", "sentence2": "Would a club win the European Champions League even if it does not have the capacity to move to the away sides?", "label": "DON'T KNOW"}
{"SampleID": 1649, "PassageID": 139, "PassageEditID": 3, "original sentence": "However, since 2003, clubs cannot move grounds to the away side's for capacity or financial reasons.", "original cue": "cannot", "pre sentence": "In the matches for the twelve competition rounds, the team who plays at home is decided when the fixtures are drawn – simply the first team drawn out for each fixture. Occasionally games may have to be moved to other grounds due to other events taking place, security reasons or a ground not being suitable to host popular teams. ", "post sentence": " If any move has to be made, it has to be to a neutral venue and any additional monies earned by the move goes into the central pot. In the event of a draw, the replay is played at the ground of the team who originally played away from home.", "pre cue": "However, since 2003, clubs", "post cue": "move grounds to the away side's for capacity or financial reasons.", "original passage": "In the matches for the twelve competition rounds, the team who plays at home is decided when the fixtures are drawn – simply the first team drawn out for each fixture. Occasionally games may have to be moved to other grounds due to other events taking place, security reasons or a ground not being suitable to host popular teams. However, since 2003, clubs cannot move grounds to the away side's for capacity or financial reasons. If any move has to be made, it has to be to a neutral venue and any additional monies earned by the move goes into the central pot. In the event of a draw, the replay is played at the ground of the team who originally played away from home.", "QuestionID": "q20", "Confidence": 5, "Passage is enough": "Passage is enough", "sentence1": "In the matches for the twelve competition rounds, the team who plays at home is decided when the fixtures are drawn – simply the first team drawn out for each fixture. Occasionally games may have to be moved to other grounds due to other events taking place, security reasons or a ground not being suitable to host popular teams. However, since 2003, clubs can now move grounds to the away side's irrespective of their capacity or financial capability. If any move has to be made, it does not have to be to a neutral venue and any additional monies earned by the move goes into the central pot. In the event of a draw, the replay is played at the ground of the team who originally played away from home.", "sentence2": "Would a club win the European Champions League even if it does not have the capacity to move to the away sides?", "label": "DON'T KNOW"}
