{"SampleID": 4733, "PassageID": 398, "PassageEditID": 0, "original sentence": "The most common four-valve layout is a superset of the well-established three-valve layout and is noted in the table, despite the exposition of four-valve and also five-valve systems (the latter used on the tuba) being incomplete in this article.", "original cue": "incomplete", "pre sentence": "A core standard valve layout based on the action of three valves had become almost universal by (at latest) 1864 as witnessed by Arban's method published in that year. The effect of a particular combination of valves may be seen in the table below. This table is correct for the core three-valve layout on almost any modern valved brass instrument.", "post sentence": "", "pre cue": "The most common four-valve layout is a superset of the well-established three-valve layout and is noted in the table, despite the exposition of four-valve and also five-valve systems (the latter used on the tuba) being ", "post cue": "in this article.", "original passage": "A core standard valve layout based on the action of three valves had become almost universal by (at latest) 1864 as witnessed by Arban's method published in that year. The effect of a particular combination of valves may be seen in the table below. This table is correct for the core three-valve layout on almost any modern valved brass instrument. The most common four-valve layout is a superset of the well-established three-valve layout and is noted in the table, despite the exposition of four-valve and also five-valve systems (the latter used on the tuba) being incomplete in this article.", "QuestionID": "q30", "Confidence": 5, "Passage is enough": "Passage is enough", "sentence1": "A core standard valve layout based on the action of three valves had become almost universal by (at latest) 1864 as witnessed by Arban's method published in that year. The effect of a particular combination of valves may be seen in the table below. This table is correct for the core three-valve layout on almost any modern valved brass instrument. The most common four-valve layout is a superset of the well-established three-valve layout and is noted in the table, despite the exposition of four-valve and also five-valve systems (the latter used on the tuba) being incomplete in this article.", "sentence2": "Would a reader of this article expect to find more information about the five-valve system in a subsequent issue?", "label": "YES"}
{"SampleID": 4736, "PassageID": 398, "PassageEditID": 1, "original sentence": "The most common four-valve layout is a superset of the well-established three-valve layout and is noted in the table, despite the exposition of four-valve and also five-valve systems (the latter used on the tuba) being incomplete in this article.", "original cue": "incomplete", "pre sentence": "A core standard valve layout based on the action of three valves had become almost universal by (at latest) 1864 as witnessed by Arban's method published in that year. The effect of a particular combination of valves may be seen in the table below. This table is correct for the core three-valve layout on almost any modern valved brass instrument.", "post sentence": "", "pre cue": "The most common four-valve layout is a superset of the well-established three-valve layout and is noted in the table, despite the exposition of four-valve and also five-valve systems (the latter used on the tuba) being ", "post cue": "in this article.", "original passage": "A core standard valve layout based on the action of three valves had become almost universal by (at latest) 1864 as witnessed by Arban's method published in that year. The effect of a particular combination of valves may be seen in the table below. This table is correct for the core three-valve layout on almost any modern valved brass instrument. The most common four-valve layout is a superset of the well-established three-valve layout and is noted in the table, despite the exposition of four-valve and also five-valve systems (the latter used on the tuba) being incomplete in this article.", "QuestionID": "q30", "Confidence": 5, "Passage is enough": "Passage is enough", "sentence1": "A core standard valve layout based on the action of three valves had become almost universal by (at latest) 1864 as witnessed by Arban's method published in that year. The effect of a particular combination of valves may be seen in the table below. This table is correct for the core three-valve layout on almost any modern valved brass instrument. The most common four-valve layout is a superset of the well-established three-valve layout and is noted in the table, despite the exposition of four-valve and also five-valve systems (the latter used on the tuba) being deficient in this article.", "sentence2": "Would a reader of this article expect to find more information about the five-valve system in a subsequent issue?", "label": "YES"}
{"SampleID": 4739, "PassageID": 398, "PassageEditID": 2, "original sentence": "The most common four-valve layout is a superset of the well-established three-valve layout and is noted in the table, despite the exposition of four-valve and also five-valve systems (the latter used on the tuba) being incomplete in this article.", "original cue": "incomplete", "pre sentence": "A core standard valve layout based on the action of three valves had become almost universal by (at latest) 1864 as witnessed by Arban's method published in that year. The effect of a particular combination of valves may be seen in the table below. This table is correct for the core three-valve layout on almost any modern valved brass instrument.", "post sentence": "", "pre cue": "The most common four-valve layout is a superset of the well-established three-valve layout and is noted in the table, despite the exposition of four-valve and also five-valve systems (the latter used on the tuba) being ", "post cue": "in this article.", "original passage": "A core standard valve layout based on the action of three valves had become almost universal by (at latest) 1864 as witnessed by Arban's method published in that year. The effect of a particular combination of valves may be seen in the table below. This table is correct for the core three-valve layout on almost any modern valved brass instrument. The most common four-valve layout is a superset of the well-established three-valve layout and is noted in the table, despite the exposition of four-valve and also five-valve systems (the latter used on the tuba) being incomplete in this article.", "QuestionID": "q30", "Confidence": 4, "Passage is enough": "Passage is enough", "sentence1": "A core standard valve layout based on the action of three valves had become almost universal by (at latest) 1864 as witnessed by Arban's method published in that year. The effect of a particular combination of valves may be seen in the table below. This table is incomplete for the core three-valve layout on almost any modern valved brass instrument. The most common four-valve layout is a superset of the well-established three-valve layout and is noted in the table, with the exposition of four-valve and also five-valve systems (the latter used on the tuba) included in this article.", "sentence2": "Would a reader of this article expect to find more information about the five-valve system in a subsequent issue?", "label": "DON'T KNOW"}
{"SampleID": 4742, "PassageID": 398, "PassageEditID": 3, "original sentence": "The most common four-valve layout is a superset of the well-established three-valve layout and is noted in the table, despite the exposition of four-valve and also five-valve systems (the latter used on the tuba) being incomplete in this article.", "original cue": "incomplete", "pre sentence": "A core standard valve layout based on the action of three valves had become almost universal by (at latest) 1864 as witnessed by Arban's method published in that year. The effect of a particular combination of valves may be seen in the table below. This table is correct for the core three-valve layout on almost any modern valved brass instrument.", "post sentence": "", "pre cue": "The most common four-valve layout is a superset of the well-established three-valve layout and is noted in the table, despite the exposition of four-valve and also five-valve systems (the latter used on the tuba) being ", "post cue": "in this article.", "original passage": "A core standard valve layout based on the action of three valves had become almost universal by (at latest) 1864 as witnessed by Arban's method published in that year. The effect of a particular combination of valves may be seen in the table below. This table is correct for the core three-valve layout on almost any modern valved brass instrument. The most common four-valve layout is a superset of the well-established three-valve layout and is noted in the table, despite the exposition of four-valve and also five-valve systems (the latter used on the tuba) being incomplete in this article.", "QuestionID": "q30", "Confidence": 5, "Passage is enough": "Passage is enough", "sentence1": "A core standard valve layout based on the action of three valves had become almost universal by (at latest) 1864 as witnessed by Arban's method published in that year. The effect of a particular combination of valves may be seen in the table below. This table is correct for the core three-valve layout on almost any modern valved brass instrument. The most common four-valve layout is a superset of the well-established three-valve layout and is noted in the table, and the exposition of four-valve and also five-valve systems (the latter used on the tuba) is introduced in this article.", "sentence2": "Would a reader of this article expect to find more information about the five-valve system in a subsequent issue?", "label": "YES"}
{"SampleID": 1753, "PassageID": 149, "PassageEditID": 0, "original sentence": "The United States declared war upon Germany in April 1917 after Germany engaged in unrestricted submarine warfare against American vessels in British waters.", "original cue": "unrestricted", "pre sentence": "", "post sentence": "With the U.S. mobilizing for war, President Woodrow Wilson appointed Hoover to head the U.S. Food Administration, which was charged with ensuring the nation's food needs during the war. Hoover had hoped to join the administration in some capacity since at least 1916, and he obtained the position after lobbying several members of Congress and Wilson's confidant, Edward M. House. Earning the appellation of \"food czar\", Hoover recruited a volunteer force of hundreds of thousands of women and deployed propaganda in movie theaters, schools, and churches. He carefully selected men to assist in the agency leadership—Alonzo Taylor (technical abilities), Robert Taft (political associations), Gifford Pinchot (agricultural influence), and Julius Barnes (business acumen).", "pre cue": "The United States declared war upon Germany in April 1917 after Germany engaged in", "post cue": "submarine warfare against American vessels in British waters.", "original passage": "The United States declared war upon Germany in April 1917 after Germany engaged in unrestricted submarine warfare against American vessels in British waters. With the U.S. mobilizing for war, President Woodrow Wilson appointed Hoover to head the U.S. Food Administration, which was charged with ensuring the nation's food needs during the war. Hoover had hoped to join the administration in some capacity since at least 1916, and he obtained the position after lobbying several members of Congress and Wilson's confidant, Edward M. House. Earning the appellation of \"food czar\", Hoover recruited a volunteer force of hundreds of thousands of women and deployed propaganda in movie theaters, schools, and churches. He carefully selected men to assist in the agency leadership—Alonzo Taylor (technical abilities), Robert Taft (political associations), Gifford Pinchot (agricultural influence), and Julius Barnes (business acumen).", "QuestionID": "q30", "Confidence": 5, "Passage is enough": "Passage is enough", "sentence1": "The United States declared war upon Germany in April 1917 after Germany engaged in unrestricted submarine warfare against American vessels in British waters. With the U.S. mobilizing for war, President Woodrow Wilson appointed Hoover to head the U.S. Food Administration, which was charged with ensuring the nation's food needs during the war. Hoover had hoped to join the administration in some capacity since at least 1916, and he obtained the position after lobbying several members of Congress and Wilson's confidant, Edward M. House. Earning the appellation of \"food czar\", Hoover recruited a volunteer force of hundreds of thousands of women and deployed propaganda in movie theaters, schools, and churches. He carefully selected men to assist in the agency leadership—Alonzo Taylor (technical abilities), Robert Taft (political associations), Gifford Pinchot (agricultural influence), and Julius Barnes (business acumen).", "sentence2": "If an unarmed freighter was openly and ostentatiously flying an American flag, could she expect to safely sail into a British harbor with a cargo of weapons if a.) this illicit cargo was kept completely secret, and b.) she had broadcast her destination, (falsified) cargo manifest, and whatever else would be necessary to let a lurking submarine's commander know that this was, as far as anyone could tell, a non-combatant?", "label": "NO"}
{"SampleID": 1756, "PassageID": 149, "PassageEditID": 1, "original sentence": "The United States declared war upon Germany in April 1917 after Germany engaged in unrestricted submarine warfare against American vessels in British waters.", "original cue": "unrestricted", "pre sentence": "", "post sentence": "With the U.S. mobilizing for war, President Woodrow Wilson appointed Hoover to head the U.S. Food Administration, which was charged with ensuring the nation's food needs during the war. Hoover had hoped to join the administration in some capacity since at least 1916, and he obtained the position after lobbying several members of Congress and Wilson's confidant, Edward M. House. Earning the appellation of \"food czar\", Hoover recruited a volunteer force of hundreds of thousands of women and deployed propaganda in movie theaters, schools, and churches. He carefully selected men to assist in the agency leadership—Alonzo Taylor (technical abilities), Robert Taft (political associations), Gifford Pinchot (agricultural influence), and Julius Barnes (business acumen).", "pre cue": "The United States declared war upon Germany in April 1917 after Germany engaged in", "post cue": "submarine warfare against American vessels in British waters.", "original passage": "The United States declared war upon Germany in April 1917 after Germany engaged in unrestricted submarine warfare against American vessels in British waters. With the U.S. mobilizing for war, President Woodrow Wilson appointed Hoover to head the U.S. Food Administration, which was charged with ensuring the nation's food needs during the war. Hoover had hoped to join the administration in some capacity since at least 1916, and he obtained the position after lobbying several members of Congress and Wilson's confidant, Edward M. House. Earning the appellation of \"food czar\", Hoover recruited a volunteer force of hundreds of thousands of women and deployed propaganda in movie theaters, schools, and churches. He carefully selected men to assist in the agency leadership—Alonzo Taylor (technical abilities), Robert Taft (political associations), Gifford Pinchot (agricultural influence), and Julius Barnes (business acumen).", "QuestionID": "q30", "Confidence": 5, "Passage is enough": "Passage is enough", "sentence1": "After German submarines conducted total and unconditional warfare against American shipping in British waters, the USA formally declared war on Germany in April of 1917. With the U.S. mobilizing for war, President Woodrow Wilson appointed Hoover to head the U.S. Food Administration, which was charged with ensuring the nation's food needs during the war. Hoover had hoped to join the administration in some capacity since at least 1916, and he obtained the position after lobbying several members of Congress and Wilson's confidant, Edward M. House. Earning the appellation of \"food czar\", Hoover recruited a volunteer force of hundreds of thousands of women and deployed propaganda in movie theaters, schools, and churches. He carefully selected men to assist in the agency leadership—Alonzo Taylor (technical abilities), Robert Taft (political associations), Gifford Pinchot (agricultural influence), and Julius Barnes (business acumen).", "sentence2": "If an unarmed freighter was openly and ostentatiously flying an American flag, could she expect to safely sail into a British harbor with a cargo of weapons if a.) this illicit cargo was kept completely secret, and b.) she had broadcast her destination, (falsified) cargo manifest, and whatever else would be necessary to let a lurking submarine's commander know that this was, as far as anyone could tell, a non-combatant?", "label": "NO"}
{"SampleID": 1759, "PassageID": 149, "PassageEditID": 2, "original sentence": "The United States declared war upon Germany in April 1917 after Germany engaged in unrestricted submarine warfare against American vessels in British waters.", "original cue": "unrestricted", "pre sentence": "", "post sentence": "With the U.S. mobilizing for war, President Woodrow Wilson appointed Hoover to head the U.S. Food Administration, which was charged with ensuring the nation's food needs during the war. Hoover had hoped to join the administration in some capacity since at least 1916, and he obtained the position after lobbying several members of Congress and Wilson's confidant, Edward M. House. Earning the appellation of \"food czar\", Hoover recruited a volunteer force of hundreds of thousands of women and deployed propaganda in movie theaters, schools, and churches. He carefully selected men to assist in the agency leadership—Alonzo Taylor (technical abilities), Robert Taft (political associations), Gifford Pinchot (agricultural influence), and Julius Barnes (business acumen).", "pre cue": "The United States declared war upon Germany in April 1917 after Germany engaged in", "post cue": "submarine warfare against American vessels in British waters.", "original passage": "The United States declared war upon Germany in April 1917 after Germany engaged in unrestricted submarine warfare against American vessels in British waters. With the U.S. mobilizing for war, President Woodrow Wilson appointed Hoover to head the U.S. Food Administration, which was charged with ensuring the nation's food needs during the war. Hoover had hoped to join the administration in some capacity since at least 1916, and he obtained the position after lobbying several members of Congress and Wilson's confidant, Edward M. House. Earning the appellation of \"food czar\", Hoover recruited a volunteer force of hundreds of thousands of women and deployed propaganda in movie theaters, schools, and churches. He carefully selected men to assist in the agency leadership—Alonzo Taylor (technical abilities), Robert Taft (political associations), Gifford Pinchot (agricultural influence), and Julius Barnes (business acumen).", "QuestionID": "q30", "Confidence": 5, "Passage is enough": "Passage is enough", "sentence1": "The United States declared unrestricted war upon Germany in April 1917, even as German submarines continued to target American military vessels that were seen as providing material aid to the enemy in British waters. With the U.S. mobilizing for war, President Woodrow Wilson appointed Hoover to head the U.S. Food Administration, which was charged with ensuring the nation's food needs during the war. Hoover had hoped to join the administration in some capacity since at least 1916, and he obtained the position after lobbying several members of Congress and Wilson's confidant, Edward M. House. Earning the appellation of \"food czar\", Hoover recruited a volunteer force of hundreds of thousands of women and deployed propaganda in movie theaters, schools, and churches. He carefully selected men to assist in the agency leadership—Alonzo Taylor (technical abilities), Robert Taft (political associations), Gifford Pinchot (agricultural influence), and Julius Barnes (business acumen).", "sentence2": "If an unarmed freighter was openly and ostentatiously flying an American flag, could she expect to safely sail into a British harbor with a cargo of weapons if a.) this illicit cargo was kept completely secret, and b.) she had broadcast her destination, (falsified) cargo manifest, and whatever else would be necessary to let a lurking submarine's commander know that this was, as far as anyone could tell, a non-combatant?", "label": "YES"}
{"SampleID": 1762, "PassageID": 149, "PassageEditID": 3, "original sentence": "The United States declared war upon Germany in April 1917 after Germany engaged in unrestricted submarine warfare against American vessels in British waters.", "original cue": "unrestricted", "pre sentence": "", "post sentence": "With the U.S. mobilizing for war, President Woodrow Wilson appointed Hoover to head the U.S. Food Administration, which was charged with ensuring the nation's food needs during the war. Hoover had hoped to join the administration in some capacity since at least 1916, and he obtained the position after lobbying several members of Congress and Wilson's confidant, Edward M. House. Earning the appellation of \"food czar\", Hoover recruited a volunteer force of hundreds of thousands of women and deployed propaganda in movie theaters, schools, and churches. He carefully selected men to assist in the agency leadership—Alonzo Taylor (technical abilities), Robert Taft (political associations), Gifford Pinchot (agricultural influence), and Julius Barnes (business acumen).", "pre cue": "The United States declared war upon Germany in April 1917 after Germany engaged in", "post cue": "submarine warfare against American vessels in British waters.", "original passage": "The United States declared war upon Germany in April 1917 after Germany engaged in unrestricted submarine warfare against American vessels in British waters. With the U.S. mobilizing for war, President Woodrow Wilson appointed Hoover to head the U.S. Food Administration, which was charged with ensuring the nation's food needs during the war. Hoover had hoped to join the administration in some capacity since at least 1916, and he obtained the position after lobbying several members of Congress and Wilson's confidant, Edward M. House. Earning the appellation of \"food czar\", Hoover recruited a volunteer force of hundreds of thousands of women and deployed propaganda in movie theaters, schools, and churches. He carefully selected men to assist in the agency leadership—Alonzo Taylor (technical abilities), Robert Taft (political associations), Gifford Pinchot (agricultural influence), and Julius Barnes (business acumen).", "QuestionID": "q30", "Confidence": 5, "Passage is enough": "Passage is enough", "sentence1": "The United States declared war upon Germany in April 1917 after fears of German submarines in their careful and controlled targeting of British military shipping was nonetheless harming American trade relations. With the U.S. mobilizing for war, President Woodrow Wilson appointed Hoover to head the U.S. Food Administration, which was charged with ensuring the nation's food needs during the war. Hoover had hoped to join the administration in some capacity since at least 1916, and he obtained the position after lobbying several members of Congress and Wilson's confidant, Edward M. House. Earning the appellation of \"food czar\", Hoover recruited a volunteer force of hundreds of thousands of women and deployed propaganda in movie theaters, schools, and churches. He carefully selected men to assist in the agency leadership—Alonzo Taylor (technical abilities), Robert Taft (political associations), Gifford Pinchot (agricultural influence), and Julius Barnes (business acumen).", "sentence2": "If an unarmed freighter was openly and ostentatiously flying an American flag, could she expect to safely sail into a British harbor with a cargo of weapons if a.) this illicit cargo was kept completely secret, and b.) she had broadcast her destination, (falsified) cargo manifest, and whatever else would be necessary to let a lurking submarine's commander know that this was, as far as anyone could tell, a non-combatant?", "label": "YES"}
{"SampleID": 3168, "PassageID": 267, "PassageEditID": 0, "original sentence": "Most birds found in the Marshall Islands, with the exception of those few introduced by man, are either sea birds or a migratory species.", "original cue": "except", "pre sentence": "", "post sentence": "There are about 70 species of birds, including 31 seabirds. 15 of these species actually nest locally. Sea birds include the black noddy and the white tern. The only land bird is the house sparrow, introduced by humans.", "pre cue": "Most birds found in the Marshall Islands, with the ", "post cue": "ion of those few introduced by man, are either sea birds or a migratory species.", "original passage": "Most birds found in the Marshall Islands, with the exception of those few introduced by man, are either sea birds or a migratory species. There are about 70 species of birds, including 31 seabirds. 15 of these species actually nest locally. Sea birds include the black noddy and the white tern. The only land bird is the house sparrow, introduced by humans.", "QuestionID": "q30", "Confidence": 5, "Passage is enough": "Passage is enough", "sentence1": "Most birds found in the Marshall Islands, with the exception of those few introduced by man, are either sea birds or a migratory species. There are about 70 species of birds, including 31 seabirds. 15 of these species actually nest locally. Sea birds include the black noddy and the white tern. The only land bird is the house sparrow, introduced by humans.", "sentence2": "If are on the Marshall Islands and see a bird that you know was brought by humans, is it likely a seabird or migratory?", "label": "NO"}
{"SampleID": 3171, "PassageID": 267, "PassageEditID": 1, "original sentence": "Most birds found in the Marshall Islands, with the exception of those few introduced by man, are either sea birds or a migratory species.", "original cue": "except", "pre sentence": "", "post sentence": "There are about 70 species of birds, including 31 seabirds. 15 of these species actually nest locally. Sea birds include the black noddy and the white tern. The only land bird is the house sparrow, introduced by humans.", "pre cue": "Most birds found in the Marshall Islands, with the ", "post cue": "ion of those few introduced by man, are either sea birds or a migratory species.", "original passage": "Most birds found in the Marshall Islands, with the exception of those few introduced by man, are either sea birds or a migratory species. There are about 70 species of birds, including 31 seabirds. 15 of these species actually nest locally. Sea birds include the black noddy and the white tern. The only land bird is the house sparrow, introduced by humans.", "QuestionID": "q30", "Confidence": 5, "Passage is enough": "Passage is enough", "sentence1": "Most birds found in the Marshall Islands, outside of those few introduced by man, are either sea birds or a migratory species. There are about 70 species of birds, including 31 seabirds. 15 of these species actually nest locally. Sea birds include the black noddy and the white tern. The only land bird is the house sparrow, introduced by humans.", "sentence2": "If are on the Marshall Islands and see a bird that you know was brought by humans, is it likely a seabird or migratory?", "label": "NO"}
{"SampleID": 3174, "PassageID": 267, "PassageEditID": 2, "original sentence": "Most birds found in the Marshall Islands, with the exception of those few introduced by man, are either sea birds or a migratory species.", "original cue": "except", "pre sentence": "", "post sentence": "There are about 70 species of birds, including 31 seabirds. 15 of these species actually nest locally. Sea birds include the black noddy and the white tern. The only land bird is the house sparrow, introduced by humans.", "pre cue": "Most birds found in the Marshall Islands, with the ", "post cue": "ion of those few introduced by man, are either sea birds or a migratory species.", "original passage": "Most birds found in the Marshall Islands, with the exception of those few introduced by man, are either sea birds or a migratory species. There are about 70 species of birds, including 31 seabirds. 15 of these species actually nest locally. Sea birds include the black noddy and the white tern. The only land bird is the house sparrow, introduced by humans.", "QuestionID": "q30", "Confidence": 5, "Passage is enough": "Passage is enough", "sentence1": "Most birds found in the Marshall Islands, with the except ion of those few introduced by man or sea birds, are migratory species. There are about 70 species of birds, including 31 seabirds. 15 of these species actually nest locally. Sea birds include the black noddy and the white tern. The only land bird is the house sparrow, introduced by humans.", "sentence2": "If are on the Marshall Islands and see a bird that you know was brought by humans, is it likely a seabird or migratory?", "label": "DON'T KNOW"}
{"SampleID": 3177, "PassageID": 267, "PassageEditID": 3, "original sentence": "Most birds found in the Marshall Islands, with the exception of those few introduced by man, are either sea birds or a migratory species.", "original cue": "except", "pre sentence": "", "post sentence": "There are about 70 species of birds, including 31 seabirds. 15 of these species actually nest locally. Sea birds include the black noddy and the white tern. The only land bird is the house sparrow, introduced by humans.", "pre cue": "Most birds found in the Marshall Islands, with the ", "post cue": "ion of those few introduced by man, are either sea birds or a migratory species.", "original passage": "Most birds found in the Marshall Islands, with the exception of those few introduced by man, are either sea birds or a migratory species. There are about 70 species of birds, including 31 seabirds. 15 of these species actually nest locally. Sea birds include the black noddy and the white tern. The only land bird is the house sparrow, introduced by humans.", "QuestionID": "q30", "Confidence": 5, "Passage is enough": "Passage is enough", "sentence1": "Most birds found in the Marshall Islands, including those few introduced by man, are either sea birds or a migratory species. There are about 70 species of birds, including 31 seabirds. 15 of these species actually nest locally. Sea birds include the black noddy and the white tern. The only land bird is the house sparrow, introduced by humans.", "sentence2": "If are on the Marshall Islands and see a bird that you know was brought by humans, is it likely a seabird or migratory?", "label": "YES"}
