{"SampleID": 1311, "PassageID": 111, "PassageEditID": 0, "original sentence": "Pesci was an unknown actor prior to the film, as was Moriarty, who was suggested for her role by Pesci.", "original cue": "unknown", "pre sentence": "Scorsese was initially reluctant to develop the project, though he eventually came to relate to LaMotta's story. Schrader re-wrote Martin's first screenplay, and Scorsese and De Niro together made uncredited contributions thereafter. ", "post sentence": " During principal photography, each of the boxing scenes was choreographed for a specific visual style and De Niro gained approximately to portray LaMotta in his later post-boxing years. Scorsese was exacting in the process of editing and mixing the film, expecting it to be his last major feature.", "pre cue": "Pesci was an", "post cue": " actor prior to the film, as was Moriarty, who was suggested for her role by Pesci.", "original passage": "Scorsese was initially reluctant to develop the project, though he eventually came to relate to LaMotta's story. Schrader re-wrote Martin's first screenplay, and Scorsese and De Niro together made uncredited contributions thereafter. Pesci was an unknown actor prior to the film, as was Moriarty, who was suggested for her role by Pesci. During principal photography, each of the boxing scenes was choreographed for a specific visual style and De Niro gained approximately to portray LaMotta in his later post-boxing years. Scorsese was exacting in the process of editing and mixing the film, expecting it to be his last major feature.", "QuestionID": "q30", "Confidence": 5, "Passage is enough": "Passage is enough", "sentence1": "Scorsese was initially reluctant to develop the project, though he eventually came to relate to LaMotta's story. Schrader re-wrote Martin's first screenplay, and Scorsese and De Niro together made uncredited contributions thereafter. Pesci was an unknown actor prior to the film, as was Moriarty, who was suggested for her role by Pesci. During principal photography, each of the boxing scenes was choreographed for a specific visual style and De Niro gained approximately to portray LaMotta in his later post-boxing years. Scorsese was exacting in the process of editing and mixing the film, expecting it to be his last major feature.", "sentence2": "Is it possible that the writers of this movie had specifically tailored the character to Joe Pesci's unique on-screen charisma, with the hopes that he would accept the role?", "label": "NO"}
{"SampleID": 1314, "PassageID": 111, "PassageEditID": 1, "original sentence": "Pesci was an unknown actor prior to the film, as was Moriarty, who was suggested for her role by Pesci.", "original cue": "unknown", "pre sentence": "Scorsese was initially reluctant to develop the project, though he eventually came to relate to LaMotta's story. Schrader re-wrote Martin's first screenplay, and Scorsese and De Niro together made uncredited contributions thereafter. ", "post sentence": " During principal photography, each of the boxing scenes was choreographed for a specific visual style and De Niro gained approximately to portray LaMotta in his later post-boxing years. Scorsese was exacting in the process of editing and mixing the film, expecting it to be his last major feature.", "pre cue": "Pesci was an", "post cue": " actor prior to the film, as was Moriarty, who was suggested for her role by Pesci.", "original passage": "Scorsese was initially reluctant to develop the project, though he eventually came to relate to LaMotta's story. Schrader re-wrote Martin's first screenplay, and Scorsese and De Niro together made uncredited contributions thereafter. Pesci was an unknown actor prior to the film, as was Moriarty, who was suggested for her role by Pesci. During principal photography, each of the boxing scenes was choreographed for a specific visual style and De Niro gained approximately to portray LaMotta in his later post-boxing years. Scorsese was exacting in the process of editing and mixing the film, expecting it to be his last major feature.", "QuestionID": "q30", "Confidence": 5, "Passage is enough": "Passage is enough", "sentence1": "Scorsese was initially reluctant to develop the project, though he eventually came to relate to LaMotta's story. Schrader re-wrote Martin's first screenplay, and Scorsese and De Niro together made uncredited contributions thereafter. Before appearing in this movie, Pesci had not achieved fame as an actor, and neither had Moriarty, who he suggested for her role. During principal photography, each of the boxing scenes was choreographed for a specific visual style and De Niro gained approximately to portray LaMotta in his later post-boxing years. Scorsese was exacting in the process of editing and mixing the film, expecting it to be his last major feature.", "sentence2": "Is it possible that the writers of this movie had specifically tailored the character to Joe Pesci's unique on-screen charisma, with the hopes that he would accept the role?", "label": "NO"}
{"SampleID": 1317, "PassageID": 111, "PassageEditID": 2, "original sentence": "Pesci was an unknown actor prior to the film, as was Moriarty, who was suggested for her role by Pesci.", "original cue": "unknown", "pre sentence": "Scorsese was initially reluctant to develop the project, though he eventually came to relate to LaMotta's story. Schrader re-wrote Martin's first screenplay, and Scorsese and De Niro together made uncredited contributions thereafter. ", "post sentence": " During principal photography, each of the boxing scenes was choreographed for a specific visual style and De Niro gained approximately to portray LaMotta in his later post-boxing years. Scorsese was exacting in the process of editing and mixing the film, expecting it to be his last major feature.", "pre cue": "Pesci was an", "post cue": " actor prior to the film, as was Moriarty, who was suggested for her role by Pesci.", "original passage": "Scorsese was initially reluctant to develop the project, though he eventually came to relate to LaMotta's story. Schrader re-wrote Martin's first screenplay, and Scorsese and De Niro together made uncredited contributions thereafter. Pesci was an unknown actor prior to the film, as was Moriarty, who was suggested for her role by Pesci. During principal photography, each of the boxing scenes was choreographed for a specific visual style and De Niro gained approximately to portray LaMotta in his later post-boxing years. Scorsese was exacting in the process of editing and mixing the film, expecting it to be his last major feature.", "QuestionID": "q30", "Confidence": 5, "Passage is enough": "Passage is enough", "sentence1": "Scorsese was initially reluctant to develop the project, though he eventually came to relate to LaMotta's story. Schrader re-wrote Martin's first screenplay, and Scorsese and De Niro together made uncredited contributions thereafter. Pesci was a famous actor prior to appearing in this role, but Moriarty was unknown to the producers before he suggested her for her role. During principal photography, each of the boxing scenes was choreographed for a specific visual style and De Niro gained approximately to portray LaMotta in his later post-boxing years. Scorsese was exacting in the process of editing and mixing the film, expecting it to be his last major feature.", "sentence2": "Is it possible that the writers of this movie had specifically tailored the character to Joe Pesci's unique on-screen charisma, with the hopes that he would accept the role?", "label": "YES"}
{"SampleID": 1320, "PassageID": 111, "PassageEditID": 3, "original sentence": "Pesci was an unknown actor prior to the film, as was Moriarty, who was suggested for her role by Pesci.", "original cue": "unknown", "pre sentence": "Scorsese was initially reluctant to develop the project, though he eventually came to relate to LaMotta's story. Schrader re-wrote Martin's first screenplay, and Scorsese and De Niro together made uncredited contributions thereafter. ", "post sentence": " During principal photography, each of the boxing scenes was choreographed for a specific visual style and De Niro gained approximately to portray LaMotta in his later post-boxing years. Scorsese was exacting in the process of editing and mixing the film, expecting it to be his last major feature.", "pre cue": "Pesci was an", "post cue": " actor prior to the film, as was Moriarty, who was suggested for her role by Pesci.", "original passage": "Scorsese was initially reluctant to develop the project, though he eventually came to relate to LaMotta's story. Schrader re-wrote Martin's first screenplay, and Scorsese and De Niro together made uncredited contributions thereafter. Pesci was an unknown actor prior to the film, as was Moriarty, who was suggested for her role by Pesci. During principal photography, each of the boxing scenes was choreographed for a specific visual style and De Niro gained approximately to portray LaMotta in his later post-boxing years. Scorsese was exacting in the process of editing and mixing the film, expecting it to be his last major feature.", "QuestionID": "q30", "Confidence": 5, "Passage is enough": "Passage is enough", "sentence1": "Scorsese was initially reluctant to develop the project, though he eventually came to relate to LaMotta's story. Schrader re-wrote Martin's first screenplay, and Scorsese and De Niro together made uncredited contributions thereafter. Pesci was already a famous actor before appearing in the film, as was Moriarty, who Pesci recommended for her role. During principal photography, each of the boxing scenes was choreographed for a specific visual style and De Niro gained approximately to portray LaMotta in his later post-boxing years. Scorsese was exacting in the process of editing and mixing the film, expecting it to be his last major feature.", "sentence2": "Is it possible that the writers of this movie had specifically tailored the character to Joe Pesci's unique on-screen charisma, with the hopes that he would accept the role?", "label": "YES"}
{"SampleID": 4469, "PassageID": 376, "PassageEditID": 0, "original sentence": "There are cases where they could inadvertently perhaps collect, but not wittingly.\"", "original cue": "inadvertently", "pre sentence": "At a March 2013 Senate Intelligence Committee hearing, Senator Ron Wyden asked Director of National Intelligence James Clapper, \"does the NSA collect any type of data at all on millions or hundreds of millions of Americans?\" Clapper replied \"No, sir.... Not wittingly.", "post sentence": "This statement came under scrutiny months later, in June 2013, details of the PRISM surveillance program were published, showing that \"the NSA apparently can gain access to the servers of nine Internet companies for a wide range of digital data.\" Wyden said that Clapper had failed to give a \"straight answer\" in his testimony. Clapper, in response to criticism, said, \"I responded in what I thought was the most truthful, or least untruthful manner.\" Clapper added, \"There are honest differences on the semantics of what -- when someone says ‘collection’ to me, that has a specific meaning, which may have a different meaning to him.\"", "pre cue": "There are cases where they could", "post cue": " perhaps collect, but not wittingly.\"", "original passage": "At a March 2013 Senate Intelligence Committee hearing, Senator Ron Wyden asked Director of National Intelligence James Clapper, \"does the NSA collect any type of data at all on millions or hundreds of millions of Americans?\" Clapper replied \"No, sir.... Not wittingly. There are cases where they could inadvertently perhaps collect, but not wittingly.\" This statement came under scrutiny months later, in June 2013, details of the PRISM surveillance program were published, showing that \"the NSA apparently can gain access to the servers of nine Internet companies for a wide range of digital data.\" Wyden said that Clapper had failed to give a \"straight answer\" in his testimony. Clapper, in response to criticism, said, \"I responded in what I thought was the most truthful, or least untruthful manner.\" Clapper added, \"There are honest differences on the semantics of what -- when someone says ‘collection’ to me, that has a specific meaning, which may have a different meaning to him.\"", "QuestionID": "q30", "Confidence": 5, "Passage is enough": "Passage is enough", "sentence1": "At a March 2013 Senate Intelligence Committee hearing, Senator Ron Wyden asked Director of National Intelligence James Clapper, \"does the NSA collect any type of data at all on millions or hundreds of millions of Americans?\" Clapper replied \"No, sir.... Not wittingly. There are cases where they could inadvertently perhaps collect, but not wittingly.\" This statement came under scrutiny months later, in June 2013, details of the PRISM surveillance program were published, showing that \"the NSA apparently can gain access to the servers of nine Internet companies for a wide range of digital data.\" Wyden said that Clapper had failed to give a \"straight answer\" in his testimony. Clapper, in response to criticism, said, \"I responded in what I thought was the most truthful, or least untruthful manner.\" Clapper added, \"There are honest differences on the semantics of what -- when someone says ‘collection’ to me, that has a specific meaning, which may have a different meaning to him.\"", "sentence2": "If Clapper's statement is true, would the NSA avoid tapping into a cellphone line of an American citizen who is talking to another American citizen?", "label": "YES"}
{"SampleID": 4472, "PassageID": 376, "PassageEditID": 1, "original sentence": "There are cases where they could inadvertently perhaps collect, but not wittingly.\"", "original cue": "inadvertently", "pre sentence": "At a March 2013 Senate Intelligence Committee hearing, Senator Ron Wyden asked Director of National Intelligence James Clapper, \"does the NSA collect any type of data at all on millions or hundreds of millions of Americans?\" Clapper replied \"No, sir.... Not wittingly.", "post sentence": "This statement came under scrutiny months later, in June 2013, details of the PRISM surveillance program were published, showing that \"the NSA apparently can gain access to the servers of nine Internet companies for a wide range of digital data.\" Wyden said that Clapper had failed to give a \"straight answer\" in his testimony. Clapper, in response to criticism, said, \"I responded in what I thought was the most truthful, or least untruthful manner.\" Clapper added, \"There are honest differences on the semantics of what -- when someone says ‘collection’ to me, that has a specific meaning, which may have a different meaning to him.\"", "pre cue": "There are cases where they could", "post cue": " perhaps collect, but not wittingly.\"", "original passage": "At a March 2013 Senate Intelligence Committee hearing, Senator Ron Wyden asked Director of National Intelligence James Clapper, \"does the NSA collect any type of data at all on millions or hundreds of millions of Americans?\" Clapper replied \"No, sir.... Not wittingly. There are cases where they could inadvertently perhaps collect, but not wittingly.\" This statement came under scrutiny months later, in June 2013, details of the PRISM surveillance program were published, showing that \"the NSA apparently can gain access to the servers of nine Internet companies for a wide range of digital data.\" Wyden said that Clapper had failed to give a \"straight answer\" in his testimony. Clapper, in response to criticism, said, \"I responded in what I thought was the most truthful, or least untruthful manner.\" Clapper added, \"There are honest differences on the semantics of what -- when someone says ‘collection’ to me, that has a specific meaning, which may have a different meaning to him.\"", "QuestionID": "q30", "Confidence": 5, "Passage is enough": "Passage is enough", "sentence1": "At a March 2013 Senate Intelligence Committee hearing, Senator Ron Wyden asked Director of National Intelligence James Clapper, \"does the NSA collect any type of data at all on millions or hundreds of millions of Americans?\" Clapper replied \"No, sir.... Not wittingly. There are cases where they could accidentally perhaps collect, but not wittingly.\" This statement came under scrutiny months later, in June 2013, details of the PRISM surveillance program were published, showing that \"the NSA apparently can gain access to the servers of nine Internet companies for a wide range of digital data.\" Wyden said that Clapper had failed to give a \"straight answer\" in his testimony. Clapper, in response to criticism, said, \"I responded in what I thought was the most truthful, or least untruthful manner.\" Clapper added, \"There are honest differences on the semantics of what -- when someone says ‘collection’ to me, that has a specific meaning, which may have a different meaning to him.\"", "sentence2": "If Clapper's statement is true, would the NSA avoid tapping into a cellphone line of an American citizen who is talking to another American citizen?", "label": "YES"}
{"SampleID": 4475, "PassageID": 376, "PassageEditID": 2, "original sentence": "There are cases where they could inadvertently perhaps collect, but not wittingly.\"", "original cue": "inadvertently", "pre sentence": "At a March 2013 Senate Intelligence Committee hearing, Senator Ron Wyden asked Director of National Intelligence James Clapper, \"does the NSA collect any type of data at all on millions or hundreds of millions of Americans?\" Clapper replied \"No, sir.... Not wittingly.", "post sentence": "This statement came under scrutiny months later, in June 2013, details of the PRISM surveillance program were published, showing that \"the NSA apparently can gain access to the servers of nine Internet companies for a wide range of digital data.\" Wyden said that Clapper had failed to give a \"straight answer\" in his testimony. Clapper, in response to criticism, said, \"I responded in what I thought was the most truthful, or least untruthful manner.\" Clapper added, \"There are honest differences on the semantics of what -- when someone says ‘collection’ to me, that has a specific meaning, which may have a different meaning to him.\"", "pre cue": "There are cases where they could", "post cue": " perhaps collect, but not wittingly.\"", "original passage": "At a March 2013 Senate Intelligence Committee hearing, Senator Ron Wyden asked Director of National Intelligence James Clapper, \"does the NSA collect any type of data at all on millions or hundreds of millions of Americans?\" Clapper replied \"No, sir.... Not wittingly. There are cases where they could inadvertently perhaps collect, but not wittingly.\" This statement came under scrutiny months later, in June 2013, details of the PRISM surveillance program were published, showing that \"the NSA apparently can gain access to the servers of nine Internet companies for a wide range of digital data.\" Wyden said that Clapper had failed to give a \"straight answer\" in his testimony. Clapper, in response to criticism, said, \"I responded in what I thought was the most truthful, or least untruthful manner.\" Clapper added, \"There are honest differences on the semantics of what -- when someone says ‘collection’ to me, that has a specific meaning, which may have a different meaning to him.\"", "QuestionID": "q30", "Confidence": 5, "Passage is enough": "Passage is enough", "sentence1": "At a March 2013 Senate Intelligence Committee hearing, Senator Ron Wyden asked Director of National Intelligence James Clapper, \"does the NSA collect any type of data at all on millions or hundreds of millions of Americans?\" Clapper replied \"Yes, sir.... wittingly. There are cases where they could perhaps wittingly collect, but not inadvertently .\" This statement came under scrutiny months later, in June 2013, details of the PRISM surveillance program were published, showing that \"the NSA apparently can gain access to the servers of nine Internet companies for a wide range of digital data.\" Wyden said that Clapper had failed to give a \"straight answer\" in his testimony. Clapper, in response to criticism, said, \"I responded in what I thought was the most truthful, or least untruthful manner.\" Clapper added, \"There are honest differences on the semantics of what -- when someone says ‘collection’ to me, that has a specific meaning, which may have a different meaning to him.\"", "sentence2": "If Clapper's statement is true, would the NSA avoid tapping into a cellphone line of an American citizen who is talking to another American citizen?", "label": "NO"}
{"SampleID": 4478, "PassageID": 376, "PassageEditID": 3, "original sentence": "There are cases where they could inadvertently perhaps collect, but not wittingly.\"", "original cue": "inadvertently", "pre sentence": "At a March 2013 Senate Intelligence Committee hearing, Senator Ron Wyden asked Director of National Intelligence James Clapper, \"does the NSA collect any type of data at all on millions or hundreds of millions of Americans?\" Clapper replied \"No, sir.... Not wittingly.", "post sentence": "This statement came under scrutiny months later, in June 2013, details of the PRISM surveillance program were published, showing that \"the NSA apparently can gain access to the servers of nine Internet companies for a wide range of digital data.\" Wyden said that Clapper had failed to give a \"straight answer\" in his testimony. Clapper, in response to criticism, said, \"I responded in what I thought was the most truthful, or least untruthful manner.\" Clapper added, \"There are honest differences on the semantics of what -- when someone says ‘collection’ to me, that has a specific meaning, which may have a different meaning to him.\"", "pre cue": "There are cases where they could", "post cue": " perhaps collect, but not wittingly.\"", "original passage": "At a March 2013 Senate Intelligence Committee hearing, Senator Ron Wyden asked Director of National Intelligence James Clapper, \"does the NSA collect any type of data at all on millions or hundreds of millions of Americans?\" Clapper replied \"No, sir.... Not wittingly. There are cases where they could inadvertently perhaps collect, but not wittingly.\" This statement came under scrutiny months later, in June 2013, details of the PRISM surveillance program were published, showing that \"the NSA apparently can gain access to the servers of nine Internet companies for a wide range of digital data.\" Wyden said that Clapper had failed to give a \"straight answer\" in his testimony. Clapper, in response to criticism, said, \"I responded in what I thought was the most truthful, or least untruthful manner.\" Clapper added, \"There are honest differences on the semantics of what -- when someone says ‘collection’ to me, that has a specific meaning, which may have a different meaning to him.\"", "QuestionID": "q30", "Confidence": 5, "Passage is enough": "Passage is enough", "sentence1": "At a March 2013 Senate Intelligence Committee hearing, Senator Ron Wyden asked Director of National Intelligence James Clapper, \"does the NSA collect any type of data at all on millions or hundreds of millions of Americans?\" Clapper replied \"Maybe, sir.... even wittingly. There are cases where they could perhaps collect wittingly.\" This statement came under scrutiny months later, in June 2013, details of the PRISM surveillance program were published, showing that \"the NSA apparently can gain access to the servers of nine Internet companies for a wide range of digital data.\" Wyden said that Clapper had failed to give a \"straight answer\" in his testimony. Clapper, in response to criticism, said, \"I responded in what I thought was the most truthful, or least untruthful manner.\" Clapper added, \"There are honest differences on the semantics of what -- when someone says ‘collection’ to me, that has a specific meaning, which may have a different meaning to him.\"", "sentence2": "If Clapper's statement is true, would the NSA avoid tapping into a cellphone line of an American citizen who is talking to another American citizen?", "label": "NO"}
{"SampleID": 4338, "PassageID": 365, "PassageEditID": 0, "original sentence": "By June 1939, Power Jets could barely afford to keep the lights on when yet another visit was made by Air Ministry personnel.", "original cue": "barely", "pre sentence": "", "post sentence": "This time Whittle was able to run the W.U. at high power for 20 minutes without any difficulty. One of the members of the team was the Director of Scientific Research, David Randall Pye, who walked out of the demonstration utterly convinced of the importance of the project. The Ministry agreed to buy the W.U. and then loan it back to them, injecting cash, and placed an order for a flyable version of the engine.", "pre cue": "By June 1939, Power Jets could", "post cue": "afford to keep the lights on when yet another visit was made by Air Ministry personnel.", "original passage": "By June 1939, Power Jets could barely afford to keep the lights on when yet another visit was made by Air Ministry personnel. This time Whittle was able to run the W.U. at high power for 20 minutes without any difficulty. One of the members of the team was the Director of Scientific Research, David Randall Pye, who walked out of the demonstration utterly convinced of the importance of the project. The Ministry agreed to buy the W.U. and then loan it back to them, injecting cash, and placed an order for a flyable version of the engine.", "QuestionID": "q10", "Confidence": 5, "Passage is enough": "Passage is enough", "sentence1": "By June 1939, Power Jets could barely afford to keep the lights on when yet another visit was made by Air Ministry personnel. This time Whittle was able to run the W.U. at high power for 20 minutes without any difficulty. One of the members of the team was the Director of Scientific Research, David Randall Pye, who walked out of the demonstration utterly convinced of the importance of the project. The Ministry agreed to buy the W.U. and then loan it back to them, injecting cash, and placed an order for a flyable version of the engine.", "sentence2": "Did Power Jets have great sums of money in June of 1939?", "label": "NO"}
{"SampleID": 4341, "PassageID": 365, "PassageEditID": 1, "original sentence": "By June 1939, Power Jets could barely afford to keep the lights on when yet another visit was made by Air Ministry personnel.", "original cue": "barely", "pre sentence": "", "post sentence": "This time Whittle was able to run the W.U. at high power for 20 minutes without any difficulty. One of the members of the team was the Director of Scientific Research, David Randall Pye, who walked out of the demonstration utterly convinced of the importance of the project. The Ministry agreed to buy the W.U. and then loan it back to them, injecting cash, and placed an order for a flyable version of the engine.", "pre cue": "By June 1939, Power Jets could", "post cue": "afford to keep the lights on when yet another visit was made by Air Ministry personnel.", "original passage": "By June 1939, Power Jets could barely afford to keep the lights on when yet another visit was made by Air Ministry personnel. This time Whittle was able to run the W.U. at high power for 20 minutes without any difficulty. One of the members of the team was the Director of Scientific Research, David Randall Pye, who walked out of the demonstration utterly convinced of the importance of the project. The Ministry agreed to buy the W.U. and then loan it back to them, injecting cash, and placed an order for a flyable version of the engine.", "QuestionID": "q10", "Confidence": 5, "Passage is enough": "Passage is enough", "sentence1": "By June 1939, Power Jets had difficulty paying to keep the lights on when yet another visit was made by Air Ministry personnel. This time Whittle was able to run the W.U. at high power for 20 ;minutes without any difficulty. One of the members of the team was the Director of Scientific Research, David Randall Pye, who walked out of the demonstration utterly convinced of the importance of the project. The Ministry agreed to buy the W.U. and then loan it back to them, injecting cash, and placed an order for a flyable version of the engine.", "sentence2": "Did Power Jets have great sums of money in June of 1939?", "label": "NO"}
{"SampleID": 4344, "PassageID": 365, "PassageEditID": 2, "original sentence": "By June 1939, Power Jets could barely afford to keep the lights on when yet another visit was made by Air Ministry personnel.", "original cue": "barely", "pre sentence": "", "post sentence": "This time Whittle was able to run the W.U. at high power for 20 minutes without any difficulty. One of the members of the team was the Director of Scientific Research, David Randall Pye, who walked out of the demonstration utterly convinced of the importance of the project. The Ministry agreed to buy the W.U. and then loan it back to them, injecting cash, and placed an order for a flyable version of the engine.", "pre cue": "By June 1939, Power Jets could", "post cue": "afford to keep the lights on when yet another visit was made by Air Ministry personnel.", "original passage": "By June 1939, Power Jets could barely afford to keep the lights on when yet another visit was made by Air Ministry personnel. This time Whittle was able to run the W.U. at high power for 20 minutes without any difficulty. One of the members of the team was the Director of Scientific Research, David Randall Pye, who walked out of the demonstration utterly convinced of the importance of the project. The Ministry agreed to buy the W.U. and then loan it back to them, injecting cash, and placed an order for a flyable version of the engine.", "QuestionID": "q10", "Confidence": 4, "Passage is enough": "Passage is enough", "sentence1": "By June 1939, Power Jets could barely sustain any more mishaps when yet another visit was made by Air Ministry personnel. This time Whittle was able to run the W.U. at high power for 20 ;minutes without any difficulty. One of the members of the team was the Director of Scientific Research, David Randall Pye, who walked out of the demonstration utterly convinced of the importance of the project. The Ministry agreed to buy the W.U. and then loan it back to them, injecting cash, and placed an order for a flyable version of the engine.", "sentence2": "Did Power Jets have great sums of money in June of 1939?", "label": "DON'T KNOW"}
{"SampleID": 4347, "PassageID": 365, "PassageEditID": 3, "original sentence": "By June 1939, Power Jets could barely afford to keep the lights on when yet another visit was made by Air Ministry personnel.", "original cue": "barely", "pre sentence": "", "post sentence": "This time Whittle was able to run the W.U. at high power for 20 minutes without any difficulty. One of the members of the team was the Director of Scientific Research, David Randall Pye, who walked out of the demonstration utterly convinced of the importance of the project. The Ministry agreed to buy the W.U. and then loan it back to them, injecting cash, and placed an order for a flyable version of the engine.", "pre cue": "By June 1939, Power Jets could", "post cue": "afford to keep the lights on when yet another visit was made by Air Ministry personnel.", "original passage": "By June 1939, Power Jets could barely afford to keep the lights on when yet another visit was made by Air Ministry personnel. This time Whittle was able to run the W.U. at high power for 20 minutes without any difficulty. One of the members of the team was the Director of Scientific Research, David Randall Pye, who walked out of the demonstration utterly convinced of the importance of the project. The Ministry agreed to buy the W.U. and then loan it back to them, injecting cash, and placed an order for a flyable version of the engine.", "QuestionID": "q10", "Confidence": 5, "Passage is enough": "Passage is enough", "sentence1": "By June 1939, Power Jets could certainly afford to keep the lights on when yet another visit was made by Air Ministry personnel. This time Whittle was able to run the W.U. at high power for 20 ;minutes without any difficulty. One of the members of the team was the Director of Scientific Research, David Randall Pye, who walked out of the demonstration utterly convinced of the importance of the project. The Ministry agreed to buy the W.U. and then loan it back to them, injecting even more cash, and placed an order for a flyable version of the engine.", "sentence2": "Did Power Jets have great sums of money in June of 1939?", "label": "YES"}
