{"SampleID": 3396, "PassageID": 286, "PassageEditID": 0, "original sentence": "Previously, the Tucson Sidewinders, a triple-A affiliate of the Arizona Diamondbacks, won the Pacific Coast League championship and unofficial AAA championship in 2006.", "original cue": "unofficial", "pre sentence": "In baseball the Tucson Saguaros of the independent Pecos League started play in 2016 and play at Amphitheater High School. They won the league in their inaugural season. The Tucson Padres played at Kino Veterans Memorial Stadium from 2011 to 2013. They served as the AAA affiliate of the San Diego Padres. The team, formerly known as the Portland Beavers, temporarily moved to Tucson from Portland while the team awaited a new stadium in Escondido. Legal issues derailed the plans to build the Escondido stadium, so they moved to El Paso, Texas for the 2014 season.", "post sentence": "The Sidewinders played in Tucson Electric Park and were in the Pacific Conference South of the PCL. The Sidewinders were sold in 2007 and moved to Reno, Nevada after the 2008 season. They now compete as the Reno Aces.", "pre cue": "Previously, the Tucson Sidewinders, a triple-A affiliate of the Arizona Diamondbacks, won the Pacific Coast League championship and ", "post cue": "AAA championship in 2006.", "original passage": "In baseball the Tucson Saguaros of the independent Pecos League started play in 2016 and play at Amphitheater High School. They won the league in their inaugural season. The Tucson Padres played at Kino Veterans Memorial Stadium from 2011 to 2013. They served as the AAA affiliate of the San Diego Padres. The team, formerly known as the Portland Beavers, temporarily moved to Tucson from Portland while the team awaited a new stadium in Escondido. Legal issues derailed the plans to build the Escondido stadium, so they moved to El Paso, Texas for the 2014 season. Previously, the Tucson Sidewinders, a triple-A affiliate of the Arizona Diamondbacks, won the Pacific Coast League championship and unofficial AAA championship in 2006. The Sidewinders played in Tucson Electric Park and were in the Pacific Conference South of the PCL. The Sidewinders were sold in 2007 and moved to Reno, Nevada after the 2008 season. They now compete as the Reno Aces.", "QuestionID": "q30", "Confidence": 5, "Passage is enough": "Passage is enough", "sentence1": "In baseball the Tucson Saguaros of the independent Pecos League started play in 2016 and play at Amphitheater High School. They won the league in their inaugural season. The Tucson Padres played at Kino Veterans Memorial Stadium from 2011 to 2013. They served as the AAA affiliate of the San Diego Padres. The team, formerly known as the Portland Beavers, temporarily moved to Tucson from Portland while the team awaited a new stadium in Escondido. Legal issues derailed the plans to build the Escondido stadium, so they moved to El Paso, Texas for the 2014 season. Previously, the Tucson Sidewinders, a triple-A affiliate of the Arizona Diamondbacks, won the Pacific Coast League championship and unofficial AAA championship in 2006. The Sidewinders played in Tucson Electric Park and were in the Pacific Conference South of the PCL. The Sidewinders were sold in 2007 and moved to Reno, Nevada after the 2008 season. They now compete as the Reno Aces.", "sentence2": "Would the 2006 AAA Championship be referenced in many formal baseball record books?", "label": "NO"}
{"SampleID": 3399, "PassageID": 286, "PassageEditID": 1, "original sentence": "Previously, the Tucson Sidewinders, a triple-A affiliate of the Arizona Diamondbacks, won the Pacific Coast League championship and unofficial AAA championship in 2006.", "original cue": "unofficial", "pre sentence": "In baseball the Tucson Saguaros of the independent Pecos League started play in 2016 and play at Amphitheater High School. They won the league in their inaugural season. The Tucson Padres played at Kino Veterans Memorial Stadium from 2011 to 2013. They served as the AAA affiliate of the San Diego Padres. The team, formerly known as the Portland Beavers, temporarily moved to Tucson from Portland while the team awaited a new stadium in Escondido. Legal issues derailed the plans to build the Escondido stadium, so they moved to El Paso, Texas for the 2014 season.", "post sentence": "The Sidewinders played in Tucson Electric Park and were in the Pacific Conference South of the PCL. The Sidewinders were sold in 2007 and moved to Reno, Nevada after the 2008 season. They now compete as the Reno Aces.", "pre cue": "Previously, the Tucson Sidewinders, a triple-A affiliate of the Arizona Diamondbacks, won the Pacific Coast League championship and ", "post cue": "AAA championship in 2006.", "original passage": "In baseball the Tucson Saguaros of the independent Pecos League started play in 2016 and play at Amphitheater High School. They won the league in their inaugural season. The Tucson Padres played at Kino Veterans Memorial Stadium from 2011 to 2013. They served as the AAA affiliate of the San Diego Padres. The team, formerly known as the Portland Beavers, temporarily moved to Tucson from Portland while the team awaited a new stadium in Escondido. Legal issues derailed the plans to build the Escondido stadium, so they moved to El Paso, Texas for the 2014 season. Previously, the Tucson Sidewinders, a triple-A affiliate of the Arizona Diamondbacks, won the Pacific Coast League championship and unofficial AAA championship in 2006. The Sidewinders played in Tucson Electric Park and were in the Pacific Conference South of the PCL. The Sidewinders were sold in 2007 and moved to Reno, Nevada after the 2008 season. They now compete as the Reno Aces.", "QuestionID": "q30", "Confidence": 5, "Passage is enough": "Passage is enough", "sentence1": "In baseball the Tucson Saguaros of the independent Pecos League started play in 2016 and play at Amphitheater High School. They won the league in their inaugural season. The Tucson Padres played at Kino Veterans Memorial Stadium from 2011 to 2013. They served as the AAA affiliate of the San Diego Padres. The team, formerly known as the Portland Beavers, temporarily moved to Tucson from Portland while the team awaited a new stadium in Escondido. Legal issues derailed the plans to build the Escondido stadium, so they moved to El Paso, Texas for the 2014 season. Previously, the Tucson Sidewinders, a triple-A affiliate of the Arizona Diamondbacks, won the Pacific Coast League championship and the off the record AAA championship in 2006. The Sidewinders played in Tucson Electric Park and were in the Pacific Conference South of the PCL. The Sidewinders were sold in 2007 and moved to Reno, Nevada after the 2008 season. They now compete as the Reno Aces.", "sentence2": "Would the 2006 AAA Championship be referenced in many formal baseball record books?", "label": "NO"}
{"SampleID": 3402, "PassageID": 286, "PassageEditID": 2, "original sentence": "Previously, the Tucson Sidewinders, a triple-A affiliate of the Arizona Diamondbacks, won the Pacific Coast League championship and unofficial AAA championship in 2006.", "original cue": "unofficial", "pre sentence": "In baseball the Tucson Saguaros of the independent Pecos League started play in 2016 and play at Amphitheater High School. They won the league in their inaugural season. The Tucson Padres played at Kino Veterans Memorial Stadium from 2011 to 2013. They served as the AAA affiliate of the San Diego Padres. The team, formerly known as the Portland Beavers, temporarily moved to Tucson from Portland while the team awaited a new stadium in Escondido. Legal issues derailed the plans to build the Escondido stadium, so they moved to El Paso, Texas for the 2014 season.", "post sentence": "The Sidewinders played in Tucson Electric Park and were in the Pacific Conference South of the PCL. The Sidewinders were sold in 2007 and moved to Reno, Nevada after the 2008 season. They now compete as the Reno Aces.", "pre cue": "Previously, the Tucson Sidewinders, a triple-A affiliate of the Arizona Diamondbacks, won the Pacific Coast League championship and ", "post cue": "AAA championship in 2006.", "original passage": "In baseball the Tucson Saguaros of the independent Pecos League started play in 2016 and play at Amphitheater High School. They won the league in their inaugural season. The Tucson Padres played at Kino Veterans Memorial Stadium from 2011 to 2013. They served as the AAA affiliate of the San Diego Padres. The team, formerly known as the Portland Beavers, temporarily moved to Tucson from Portland while the team awaited a new stadium in Escondido. Legal issues derailed the plans to build the Escondido stadium, so they moved to El Paso, Texas for the 2014 season. Previously, the Tucson Sidewinders, a triple-A affiliate of the Arizona Diamondbacks, won the Pacific Coast League championship and unofficial AAA championship in 2006. The Sidewinders played in Tucson Electric Park and were in the Pacific Conference South of the PCL. The Sidewinders were sold in 2007 and moved to Reno, Nevada after the 2008 season. They now compete as the Reno Aces.", "QuestionID": "q30", "Confidence": 4, "Passage is enough": "Passage is enough", "sentence1": "In baseball the Tucson Saguaros of the independent Pecos League started play in 2016 and play at Amphitheater High School. They won the league in their inaugural season. The Tucson Padres played at Kino Veterans Memorial Stadium from 2011 to 2013. They served as the AAA affiliate of the San Diego Padres. The team, formerly known as the Portland Beavers, temporarily moved to Tucson from Portland while the team awaited a new stadium in Escondido. Legal issues derailed the plans to build the Escondido stadium, so they moved to El Paso, Texas for the 2014 season. Previously, the Tucson Sidewinders, an unofficial triple-A affiliate of the Arizona Diamondbacks, won the Pacific Coast League championship and the official AAA championship in 2006. The Sidewinders played in Tucson Electric Park and were in the Pacific Conference South of the PCL. The Sidewinders were sold in 2007 and moved to Reno, Nevada after the 2008 season. They now compete as the Reno Aces.", "sentence2": "Would the 2006 AAA Championship be referenced in many formal baseball record books?", "label": "YES"}
{"SampleID": 3405, "PassageID": 286, "PassageEditID": 3, "original sentence": "Previously, the Tucson Sidewinders, a triple-A affiliate of the Arizona Diamondbacks, won the Pacific Coast League championship and unofficial AAA championship in 2006.", "original cue": "unofficial", "pre sentence": "In baseball the Tucson Saguaros of the independent Pecos League started play in 2016 and play at Amphitheater High School. They won the league in their inaugural season. The Tucson Padres played at Kino Veterans Memorial Stadium from 2011 to 2013. They served as the AAA affiliate of the San Diego Padres. The team, formerly known as the Portland Beavers, temporarily moved to Tucson from Portland while the team awaited a new stadium in Escondido. Legal issues derailed the plans to build the Escondido stadium, so they moved to El Paso, Texas for the 2014 season.", "post sentence": "The Sidewinders played in Tucson Electric Park and were in the Pacific Conference South of the PCL. The Sidewinders were sold in 2007 and moved to Reno, Nevada after the 2008 season. They now compete as the Reno Aces.", "pre cue": "Previously, the Tucson Sidewinders, a triple-A affiliate of the Arizona Diamondbacks, won the Pacific Coast League championship and ", "post cue": "AAA championship in 2006.", "original passage": "In baseball the Tucson Saguaros of the independent Pecos League started play in 2016 and play at Amphitheater High School. They won the league in their inaugural season. The Tucson Padres played at Kino Veterans Memorial Stadium from 2011 to 2013. They served as the AAA affiliate of the San Diego Padres. The team, formerly known as the Portland Beavers, temporarily moved to Tucson from Portland while the team awaited a new stadium in Escondido. Legal issues derailed the plans to build the Escondido stadium, so they moved to El Paso, Texas for the 2014 season. Previously, the Tucson Sidewinders, a triple-A affiliate of the Arizona Diamondbacks, won the Pacific Coast League championship and unofficial AAA championship in 2006. The Sidewinders played in Tucson Electric Park and were in the Pacific Conference South of the PCL. The Sidewinders were sold in 2007 and moved to Reno, Nevada after the 2008 season. They now compete as the Reno Aces.", "QuestionID": "q30", "Confidence": 4, "Passage is enough": "Passage is enough", "sentence1": "In baseball the Tucson Saguaros of the independent Pecos League started play in 2016 and play at Amphitheater High School. They won the league in their inaugural season. The Tucson Padres played at Kino Veterans Memorial Stadium from 2011 to 2013. They served as the AAA affiliate of the San Diego Padres. The team, formerly known as the Portland Beavers, temporarily moved to Tucson from Portland while the team awaited a new stadium in Escondido. Legal issues derailed the plans to build the Escondido stadium, so they moved to El Paso, Texas for the 2014 season. Previously, the Tucson Sidewinders, a triple-A affiliate of the Arizona Diamondbacks, won the Pacific Coast League championship and official AAA championship in 2006. The Sidewinders played in Tucson Electric Park and were in the Pacific Conference South of the PCL. The Sidewinders were sold in 2007 and moved to Reno, Nevada after the 2008 season. They now compete as the Reno Aces.", "sentence2": "Would the 2006 AAA Championship be referenced in many formal baseball record books?", "label": "YES"}
{"SampleID": 4516, "PassageID": 380, "PassageEditID": 0, "original sentence": "Canadian Prime Minister Louis St. Laurent advised U.S. President Harry S. Truman on September 28, 1951, that Canada was unwilling to wait for the United States and would build a seaway alone; the Canadian Parliament authorized the founding of the St. Lawrence Seaway Authority on December 21 of that year.", "original cue": "unwilling", "pre sentence": "After 1945, proposals to introduce tolls to the seaway were not sufficient to gain support for the project by the U.S. Congress. Growing impatient, and with Ontario desperate for the power to be generated by hydroelectricity, Canada began to consider developing the project alone. This seized the imagination of Canadians, engendering a groundswell of nationalism around the St. Lawrence.", "post sentence": "Fueled by this support, Saint Laurent's administration decided during 1951 and 1952 to construct the waterway alone, combined with the Moses-Saunders Power Dam. (This became the joint responsibility of Ontario and New York: as a hydropower dam would change the water levels, it required bilateral cooperation.)", "pre cue": "Canadian Prime Minister Louis St. Laurent advised U.S. President Harry S. Truman on September 28, 1951, that Canada was", "post cue": "to wait for the United States and would build a seaway alone; the Canadian Parliament authorized the founding of the St. Lawrence Seaway Authority on December 21 of that year.", "original passage": "After 1945, proposals to introduce tolls to the seaway were not sufficient to gain support for the project by the U.S. Congress. Growing impatient, and with Ontario desperate for the power to be generated by hydroelectricity, Canada began to consider developing the project alone. This seized the imagination of Canadians, engendering a groundswell of nationalism around the St. Lawrence. Canadian Prime Minister Louis St. Laurent advised U.S. President Harry S. Truman on September 28, 1951, that Canada was unwilling to wait for the United States and would build a seaway alone; the Canadian Parliament authorized the founding of the St. Lawrence Seaway Authority on December 21 of that year. Fueled by this support, Saint Laurent's administration decided during 1951 and 1952 to construct the waterway alone, combined with the Moses-Saunders Power Dam. (This became the joint responsibility of Ontario and New York: as a hydropower dam would change the water levels, it required bilateral cooperation.)", "QuestionID": "q20", "Confidence": 5, "Passage is enough": "Passage is enough", "sentence1": "After 1945, proposals to introduce tolls to the seaway were not sufficient to gain support for the project by the U.S. Congress. Growing impatient, and with Ontario desperate for the power to be generated by hydroelectricity, Canada began to consider developing the project alone. This seized the imagination of Canadians, engendering a groundswell of nationalism around the St. Lawrence. Canadian Prime Minister Louis St. Laurent advised U.S. President Harry S. Truman on September 28, 1951, that Canada was unwilling to wait for the United States and would build a seaway alone; the Canadian Parliament authorized the founding of the St. Lawrence Seaway Authority on December 21 of that year. Fueled by this support, Saint Laurent's administration decided during 1951 and 1952 to construct the waterway alone, combined with the Moses-Saunders Power Dam. (This became the joint responsibility of Ontario and New York: as a hydropower dam would change the water levels, it required bilateral cooperation.)", "sentence2": "Was Truman probably shocked by the Canadian Parliament's authorization of the waterway on December 21?", "label": "NO"}
{"SampleID": 4519, "PassageID": 380, "PassageEditID": 1, "original sentence": "Canadian Prime Minister Louis St. Laurent advised U.S. President Harry S. Truman on September 28, 1951, that Canada was unwilling to wait for the United States and would build a seaway alone; the Canadian Parliament authorized the founding of the St. Lawrence Seaway Authority on December 21 of that year.", "original cue": "unwilling", "pre sentence": "After 1945, proposals to introduce tolls to the seaway were not sufficient to gain support for the project by the U.S. Congress. Growing impatient, and with Ontario desperate for the power to be generated by hydroelectricity, Canada began to consider developing the project alone. This seized the imagination of Canadians, engendering a groundswell of nationalism around the St. Lawrence.", "post sentence": "Fueled by this support, Saint Laurent's administration decided during 1951 and 1952 to construct the waterway alone, combined with the Moses-Saunders Power Dam. (This became the joint responsibility of Ontario and New York: as a hydropower dam would change the water levels, it required bilateral cooperation.)", "pre cue": "Canadian Prime Minister Louis St. Laurent advised U.S. President Harry S. Truman on September 28, 1951, that Canada was", "post cue": "to wait for the United States and would build a seaway alone; the Canadian Parliament authorized the founding of the St. Lawrence Seaway Authority on December 21 of that year.", "original passage": "After 1945, proposals to introduce tolls to the seaway were not sufficient to gain support for the project by the U.S. Congress. Growing impatient, and with Ontario desperate for the power to be generated by hydroelectricity, Canada began to consider developing the project alone. This seized the imagination of Canadians, engendering a groundswell of nationalism around the St. Lawrence. Canadian Prime Minister Louis St. Laurent advised U.S. President Harry S. Truman on September 28, 1951, that Canada was unwilling to wait for the United States and would build a seaway alone; the Canadian Parliament authorized the founding of the St. Lawrence Seaway Authority on December 21 of that year. Fueled by this support, Saint Laurent's administration decided during 1951 and 1952 to construct the waterway alone, combined with the Moses-Saunders Power Dam. (This became the joint responsibility of Ontario and New York: as a hydropower dam would change the water levels, it required bilateral cooperation.)", "QuestionID": "q20", "Confidence": 5, "Passage is enough": "Passage is enough", "sentence1": "After 1945, proposals to introduce tolls to the seaway were not sufficient to gain support for the project by the U.S. Congress. Growing impatient, and with Ontario desperate for the power to be generated by hydroelectricity, Canada began to consider developing the project alone. This seized the imagination of Canadians, engendering a groundswell of nationalism around the St. Lawrence. Canadian Prime Minister Louis St. Laurent advised U.S. President Harry S. Truman on September 28, 1951, that Canada was reluctant to wait for the United States and would build a seaway alone; the Canadian Parliament authorized the founding of the St. Lawrence Seaway Authority on December 21 of that year. Fueled by this support, Saint Laurent's administration decided during 1951 and 1952 to construct the waterway alone, combined with the Moses-Saunders Power Dam. (This became the joint responsibility of Ontario and New York: as a hydropower dam would change the water levels, it required bilateral cooperation.)", "sentence2": "Was Truman probably shocked by the Canadian Parliament's authorization of the waterway on December 21?", "label": "NO"}
{"SampleID": 4522, "PassageID": 380, "PassageEditID": 2, "original sentence": "Canadian Prime Minister Louis St. Laurent advised U.S. President Harry S. Truman on September 28, 1951, that Canada was unwilling to wait for the United States and would build a seaway alone; the Canadian Parliament authorized the founding of the St. Lawrence Seaway Authority on December 21 of that year.", "original cue": "unwilling", "pre sentence": "After 1945, proposals to introduce tolls to the seaway were not sufficient to gain support for the project by the U.S. Congress. Growing impatient, and with Ontario desperate for the power to be generated by hydroelectricity, Canada began to consider developing the project alone. This seized the imagination of Canadians, engendering a groundswell of nationalism around the St. Lawrence.", "post sentence": "Fueled by this support, Saint Laurent's administration decided during 1951 and 1952 to construct the waterway alone, combined with the Moses-Saunders Power Dam. (This became the joint responsibility of Ontario and New York: as a hydropower dam would change the water levels, it required bilateral cooperation.)", "pre cue": "Canadian Prime Minister Louis St. Laurent advised U.S. President Harry S. Truman on September 28, 1951, that Canada was", "post cue": "to wait for the United States and would build a seaway alone; the Canadian Parliament authorized the founding of the St. Lawrence Seaway Authority on December 21 of that year.", "original passage": "After 1945, proposals to introduce tolls to the seaway were not sufficient to gain support for the project by the U.S. Congress. Growing impatient, and with Ontario desperate for the power to be generated by hydroelectricity, Canada began to consider developing the project alone. This seized the imagination of Canadians, engendering a groundswell of nationalism around the St. Lawrence. Canadian Prime Minister Louis St. Laurent advised U.S. President Harry S. Truman on September 28, 1951, that Canada was unwilling to wait for the United States and would build a seaway alone; the Canadian Parliament authorized the founding of the St. Lawrence Seaway Authority on December 21 of that year. Fueled by this support, Saint Laurent's administration decided during 1951 and 1952 to construct the waterway alone, combined with the Moses-Saunders Power Dam. (This became the joint responsibility of Ontario and New York: as a hydropower dam would change the water levels, it required bilateral cooperation.)", "QuestionID": "q20", "Confidence": 5, "Passage is enough": "Passage is enough", "sentence1": "After 1945, proposals to introduce tolls to the seaway were not sufficient to gain support for the project by the U.S. Congress. Growing impatient, and with Ontario desperate for the power to be generated by hydroelectricity, Canada began to consider developing the project alone. This seized the imagination of Canadians, engendering a groundswell of nationalism around the St. Lawrence. Canadian Prime Minister Louis St. Laurent advised U.S. President Harry S. Truman on September 28, 1951, that Canada wanted to wait for the United States and would be unwilling to build a seaway alone; however, the Canadian Parliament authorized the founding of the St. Lawrence Seaway Authority on December 21 of that year. Fueled by this support, Saint Laurent's administration decided during 1951 and 1952 to construct the waterway alone, combined with the Moses-Saunders Power Dam. (This became the joint responsibility of Ontario and New York: as a hydropower dam would change the water levels, it required bilateral cooperation.)", "sentence2": "Was Truman probably shocked by the Canadian Parliament's authorization of the waterway on December 21?", "label": "YES"}
{"SampleID": 4525, "PassageID": 380, "PassageEditID": 3, "original sentence": "Canadian Prime Minister Louis St. Laurent advised U.S. President Harry S. Truman on September 28, 1951, that Canada was unwilling to wait for the United States and would build a seaway alone; the Canadian Parliament authorized the founding of the St. Lawrence Seaway Authority on December 21 of that year.", "original cue": "unwilling", "pre sentence": "After 1945, proposals to introduce tolls to the seaway were not sufficient to gain support for the project by the U.S. Congress. Growing impatient, and with Ontario desperate for the power to be generated by hydroelectricity, Canada began to consider developing the project alone. This seized the imagination of Canadians, engendering a groundswell of nationalism around the St. Lawrence.", "post sentence": "Fueled by this support, Saint Laurent's administration decided during 1951 and 1952 to construct the waterway alone, combined with the Moses-Saunders Power Dam. (This became the joint responsibility of Ontario and New York: as a hydropower dam would change the water levels, it required bilateral cooperation.)", "pre cue": "Canadian Prime Minister Louis St. Laurent advised U.S. President Harry S. Truman on September 28, 1951, that Canada was", "post cue": "to wait for the United States and would build a seaway alone; the Canadian Parliament authorized the founding of the St. Lawrence Seaway Authority on December 21 of that year.", "original passage": "After 1945, proposals to introduce tolls to the seaway were not sufficient to gain support for the project by the U.S. Congress. Growing impatient, and with Ontario desperate for the power to be generated by hydroelectricity, Canada began to consider developing the project alone. This seized the imagination of Canadians, engendering a groundswell of nationalism around the St. Lawrence. Canadian Prime Minister Louis St. Laurent advised U.S. President Harry S. Truman on September 28, 1951, that Canada was unwilling to wait for the United States and would build a seaway alone; the Canadian Parliament authorized the founding of the St. Lawrence Seaway Authority on December 21 of that year. Fueled by this support, Saint Laurent's administration decided during 1951 and 1952 to construct the waterway alone, combined with the Moses-Saunders Power Dam. (This became the joint responsibility of Ontario and New York: as a hydropower dam would change the water levels, it required bilateral cooperation.)", "QuestionID": "q20", "Confidence": 4, "Passage is enough": "Passage is enough", "sentence1": "After 1945, proposals to introduce tolls to the seaway were not sufficient to gain support for the project by the U.S. Congress. Growing impatient, and with Ontario desperate for the power to be generated by hydroelectricity, Canada began to consider developing the project alone. This seized the imagination of Canadians, engendering a groundswell of nationalism around the St. Lawrence. Canadian Prime Minister Louis St. Laurent advised U.S. President Harry S. Truman on September 28, 1951, that Canada preferred to wait for the United States, but would build a seaway alone if necessary; the Canadian Parliament authorized the founding of the St. Lawrence Seaway Authority on December 21 of that year. Fueled by this support, Saint Laurent's administration decided during 1951 and 1952 to construct the waterway alone, combined with the Moses-Saunders Power Dam. (This became the joint responsibility of Ontario and New York: as a hydropower dam would change the water levels, it required bilateral cooperation.)", "sentence2": "Was Truman probably shocked by the Canadian Parliament's authorization of the waterway on December 21?", "label": "NO"}
{"SampleID": 2418, "PassageID": 205, "PassageEditID": 0, "original sentence": "The addition of Monosodium glutamate (MSG) can increase these amounts as yeast cannot differentiate between this and sugars during fermentation.", "original cue": "cannot", "pre sentence": "GHB is also produced as a result of fermentation and so is found in small quantities in some beers and wines, in particular fruit wines. The amount found in wine is pharmacologically insignificant and not sufficient to produce psychoactive effects. ", "post sentence": "the enzymes produced by anoxic yeast cells convert MSG to GHB as a result.", "pre cue": "The addition of Monosodium glutamate (MSG) can increase these amounts as yeast", "post cue": "differentiate between this and sugars during fermentation.", "original passage": "GHB is also produced as a result of fermentation and so is found in small quantities in some beers and wines, in particular fruit wines. The amount found in wine is pharmacologically insignificant and not sufficient to produce psychoactive effects. The addition of Monosodium glutamate (MSG) can increase these amounts as yeast cannot differentiate between this and sugars during fermentation. the enzymes produced by anoxic yeast cells convert MSG to GHB as a result.", "QuestionID": "q20", "Confidence": 5, "Passage is enough": "Passage is enough", "sentence1": "GHB is also produced as a result of fermentation and so is found in small quantities in some beers and wines, in particular fruit wines. The amount found in wine is pharmacologically insignificant and not sufficient to produce psychoactive effects. The addition of Monosodium glutamate (MSG) can increase these amounts as yeast cannot differentiate between this and sugars during fermentation. the enzymes produced by anoxic yeast cells convert MSG to GHB as a result.", "sentence2": "From this passage, does it sound like MSG could actually result in wine with less alcohol than would have been attained without the additive?", "label": "NO"}
{"SampleID": 2421, "PassageID": 205, "PassageEditID": 1, "original sentence": "The addition of Monosodium glutamate (MSG) can increase these amounts as yeast cannot differentiate between this and sugars during fermentation.", "original cue": "cannot", "pre sentence": "GHB is also produced as a result of fermentation and so is found in small quantities in some beers and wines, in particular fruit wines. The amount found in wine is pharmacologically insignificant and not sufficient to produce psychoactive effects. ", "post sentence": "the enzymes produced by anoxic yeast cells convert MSG to GHB as a result.", "pre cue": "The addition of Monosodium glutamate (MSG) can increase these amounts as yeast", "post cue": "differentiate between this and sugars during fermentation.", "original passage": "GHB is also produced as a result of fermentation and so is found in small quantities in some beers and wines, in particular fruit wines. The amount found in wine is pharmacologically insignificant and not sufficient to produce psychoactive effects. The addition of Monosodium glutamate (MSG) can increase these amounts as yeast cannot differentiate between this and sugars during fermentation. the enzymes produced by anoxic yeast cells convert MSG to GHB as a result.", "QuestionID": "q20", "Confidence": 5, "Passage is enough": "Passage is enough", "sentence1": "GHB is also produced as a result of fermentation and so is found in small quantities in some beers and wines, in particular fruit wines. The amount found in wine is pharmacologically insignificant and not sufficient to produce psychoactive effects. Monosodium Glutamate can further increase GHB amounts when it is added, because yeasts are unable to tell the difference between MSG and natural sugars throughout the fermentation process. the enzymes produced by anoxic yeast cells convert MSG to GHB as a result.", "sentence2": "From this passage, does it sound like MSG could actually result in wine with less alcohol than would have been attained without the additive?", "label": "NO"}
{"SampleID": 2424, "PassageID": 205, "PassageEditID": 2, "original sentence": "The addition of Monosodium glutamate (MSG) can increase these amounts as yeast cannot differentiate between this and sugars during fermentation.", "original cue": "cannot", "pre sentence": "GHB is also produced as a result of fermentation and so is found in small quantities in some beers and wines, in particular fruit wines. The amount found in wine is pharmacologically insignificant and not sufficient to produce psychoactive effects. ", "post sentence": "the enzymes produced by anoxic yeast cells convert MSG to GHB as a result.", "pre cue": "The addition of Monosodium glutamate (MSG) can increase these amounts as yeast", "post cue": "differentiate between this and sugars during fermentation.", "original passage": "GHB is also produced as a result of fermentation and so is found in small quantities in some beers and wines, in particular fruit wines. The amount found in wine is pharmacologically insignificant and not sufficient to produce psychoactive effects. The addition of Monosodium glutamate (MSG) can increase these amounts as yeast cannot differentiate between this and sugars during fermentation. the enzymes produced by anoxic yeast cells convert MSG to GHB as a result.", "QuestionID": "q20", "Confidence": 5, "Passage is enough": "Passage is enough", "sentence1": "GHB is also produced as a result of fermentation and so is found in small quantities in some beers and wines, in particular fruit wines. The amount found in wine is pharmacologically insignificant and not sufficient to produce psychoactive effects. The addition of Monosodium glutamate (MSG) cannot increase these amounts as yeasts easily differentiate MSG from sugars during fermentation. the enzymes produced by anoxic yeast cells convert sugar to GHB, but leave the MSG untouched as a result.", "sentence2": "From this passage, does it sound like MSG could actually result in wine with less alcohol than would have been attained without the additive?", "label": "NO"}
{"SampleID": 2427, "PassageID": 205, "PassageEditID": 3, "original sentence": "The addition of Monosodium glutamate (MSG) can increase these amounts as yeast cannot differentiate between this and sugars during fermentation.", "original cue": "cannot", "pre sentence": "GHB is also produced as a result of fermentation and so is found in small quantities in some beers and wines, in particular fruit wines. The amount found in wine is pharmacologically insignificant and not sufficient to produce psychoactive effects. ", "post sentence": "the enzymes produced by anoxic yeast cells convert MSG to GHB as a result.", "pre cue": "The addition of Monosodium glutamate (MSG) can increase these amounts as yeast", "post cue": "differentiate between this and sugars during fermentation.", "original passage": "GHB is also produced as a result of fermentation and so is found in small quantities in some beers and wines, in particular fruit wines. The amount found in wine is pharmacologically insignificant and not sufficient to produce psychoactive effects. The addition of Monosodium glutamate (MSG) can increase these amounts as yeast cannot differentiate between this and sugars during fermentation. the enzymes produced by anoxic yeast cells convert MSG to GHB as a result.", "QuestionID": "q20", "Confidence": 5, "Passage is enough": "Passage is enough", "sentence1": "GHB is also produced as a result of fermentation and so is found in small quantities in some beers and wines, in particular fruit wines. The amount found in wine is pharmacologically insignificant and not sufficient to produce psychoactive effects. The addition of Monosodium glutamate (MSG) can retard these amounts as yeast cannot differentiate between this and sugars during fermentation, and attempt to feed on both. the enzymes produced by anoxic yeast cells convert sugar to GHB, yet are unable to affect the MSG, resulting in lower overall levels of fermentation.", "sentence2": "From this passage, does it sound like MSG could actually result in wine with less alcohol than would have been attained without the additive?", "label": "YES"}
