{
    "fp16": {
        "enabled": true,
        "loss_scale": 0,
        "loss_scale_window": 1000,
        "hysteresis": 2,
        "min_loss_scale": 1
    },

    "zero_optimization": {
        "stage": 2,
       "allgather_partitions": true,
       "allgather_bucket_size": 2e8,
       "reduce_scatter": true,
       "reduce_bucket_size": 2e8,
        "overlap_comm": true,
        "contiguous_gradients": true,
        "cpu_offload": true
    },
    "train_micro_batch_size_per_gpu": 1,

    "optimizer": {
        "type": "AdamW",
        "params": {
            "lr": 1e-5,
            "betas": [ 0.9, 0.999 ],
            "eps": 1e-8,
            "weight_decay": 0
        }
    },

    "scheduler": {
        "type": "WarmupLR",
        "params": {
            "warmup_min_lr": 0,
            "warmup_max_lr": 1e-5,
            "warmup_num_steps": 0
        }
    }
}
