{"answer": "YES", "input": "does it sound like employers may worry about an employee who takes sick days, because these short illnesses could be leading up to a more serious issue down the line, which could result in the loss of an employee? \\n costs of disability pensions are steadily growing in western countries, mainly in europe and the united states. it was reported that, in the uk, expenditure on disability pensions accounted for 0.9% of gross domestic product (gdp) in 1980; two decades later it had reached 2.6% of gdp. a link between increased time away from work due to illness and an increased risk of the need for a disability pension later in life has been reported in several studies."}
{"answer": "YES", "input": "does the spell affecting men's sexual experiences prevent them from having sex? \\n the ancient mesopotamians also performed magical rituals to purify themselves of sins committed unknowingly. one such ritual was known as the šurpu, or \"burning\", in which the caster of the spell would transfer the guilt for all their misdeeds onto various objects such as a strip of dates, an onion, and a tuft of wool. the person would then burn the objects and thereby purify themself of all sins that they might have unknowingly committed. a whole genre of love spells existed. such spells were believed to cause a person to fall in love with another person, restore love which had faded, or cause a male sexual partner to be unable to sustain an erection when he had previously been virile. other spells were used to reconcile a man with his patron deity or to reconcile a wife with a husband who had been neglecting her."}
{"answer": "DON'T KNOW", "input": "might the confederacy have counted on all the lower creek tribes to help them in their fighting? \\n at the outbreak of the american civil war, \"opothleyahola\" refused to form an alliance with the confederacy, unlike many other tribes, including many of the lower creeks. runaway slaves, free blacks, chickasaw and seminole indians began gathering at opothleyahola's plantation, where they hoped to remain neutral in the conflict between the north and south. on august 15, 1861, opothleyahola and tribal chief \"micco hutko\" contacted president abraham lincoln to request help for the union loyalists. on september 10, they received a positive response, stating the united states government would assist them. the letter directed opothleyahola to move his people to fort row in wilson county, kansas, where they would receive asylum and aid. they became known as loyalists, and many were members of the traditional snake band in the latter part of the century."}
{"answer": "YES", "input": "were the bombs used in the first wave of attacks likely made by competent bomb makers? \\n the fears of wilson and other government officials were confirmed when galleanists—italian immigrant followers of the anarchist luigi galleani—carried out a series of bombings in april and june 1919. at the end of april, some 30 galleanist letter bombs had been mailed to a host of individuals, mostly prominent government officials and businessmen, but also law enforcement officials. only a few reached their targets, but all exploded when opened. some people suffered injuries, including a housekeeper in senator thomas w. hardwick's residence, who had her hands blown off. on june 2, 1919, the second wave of bombings occurred, when several much larger package bombs were detonated by galleanists in eight american cities, including one that damaged the home of attorney general a. mitchell palmer in washington, d.c. at least one person was killed in this second attack, night watchman william boehner, and fears were raised because it occurred in the capital. flyers declaring war on capitalists in the name of anarchist principles accompanied each bomb."}
{"answer": "YES", "input": "if a german citizen loses their passport in a country that has no german diplomatic or consulate, can they go to a french consulate to get a new passport? \\n diplomatic missions between members of the british commonwealth of nations are not called embassies, but high commissions, for commonwealth nations share a special diplomatic relationship. it is generally expected that an embassy of a commonwealth country in a non-commonwealth country will do its best to provide diplomatic services to citizens from other commonwealth countries if the citizen's country does not have an embassy in that country. canadian and australian nationals enjoy even greater cooperation between their respective consular services, as outlined in the canada-australia consular services sharing agreement. the same kind of procedure is also followed multilaterally by the member states of the european union (eu). european citizens in need of consular help in a country with an absence of diplomatic or consular representation of their own country may turn to any consular or diplomatic mission of another eu member state."}
{"answer": "NO", "input": "would opposing generals facing caratacus in a set-piece battle have felt confident before the fight? \\n before the roman invasion caratacus is associated with the expansion of his tribe's territory. his apparent success led to roman invasion, nominally in support of his defeated enemies. he resisted the romans for almost a decade, mixing guerrilla warfare with set-piece battles, and was successful in the latter. after his final victory he fled to the territory of queen cartimandua, who captured him and handed him over to the romans. he was sentenced to death as a military prisoner, but made a speech before his execution that persuaded the emperor claudius to spare him."}
{"answer": "NO", "input": "was a communist politician likely to run for office in 1948? \\n senior greek military officers then withdrew their support from the junta, which collapsed. constantine karamanlis returned from exile in france to establish a government of national unity until elections could be held. karamanlis worked to defuse the risk of war with turkey and also legalised the communist party, which had been criminal since 1947. his newly organized party, new democracy (nd), won the elections held in november 1974 by a wide margin, and he became prime minister."}
{"answer": "YES", "input": "would a person who enjoys sunbathing and getting a deep tan be likely to choose to a city with a temperate semi-arid climate for their summer vacation? \\n baku has a temperate semi-arid climate (köppen climate classification: \"bsk\") with hot and humid summers, cool and occasionally wet winters, and strong winds all year long. however, in contrast to many other cities with such climate features, baku does not see extremely hot summers and substantial sunshine hours. this is largely because of its northerly latitude and the fact that it is located on a peninsula on the shore of the caspian sea. baku, and the absheron peninsula on which it is situated, is the most arid part of azerbaijan (precipitation here is around or less than a year). the majority of the light annual precipitation occurs in seasons other than summer, but none of these seasons is particularly wet."}
{"answer": "NO", "input": "was apple's score in the climate counts' ranking bad among tech companies? \\n in 2010, climate counts, a nonprofit organization dedicated to directing consumers toward the greenest companies, gave apple a score of 52 points out of a possible 100, which puts apple in their top category \"striding\". this was an increase from may 2008, when climate counts only gave apple 11 points out of 100, which placed the company somewhat higher among all companies, at which time climate counts also labeled apple with a \"stuck icon\", adding that apple at the time was \"the choice for the climate-conscious consumer\"."}
